,id,data_inversa,dia_semana,horario,uf,br,km,municipio,causa_acidente,tipo_acidente,classificacao_acidente,fase_dia,sentido_via,condicao_metereologica,tipo_pista,tracado_via,uso_solo,pessoas,mortos,feridos_leves,feridos_graves,ilesos,ignorados,feridos,veiculos,latitude,longitude,regional,delegacia,uop,rounded_datetime,rain,temperature_2m,apparent_temperature,relativehumidity_2m,cloudcover,windspeed_10m,is_day
11712,474689,9/16/2022,sexta-feira,9:50:00,RJ,393.0,258.0,BARRA DO PIRAI,Chuva,Colisão frontal,Com Vítimas Feridas,Pleno dia,Decrescente,Chuva,Simples,Curva,Sim,2,0,1,0,1,0,1,2,-22.4514837,-43.82691483,SPRF-RJ,DEL05-RJ,UOP02-DEL05-RJ,16/09/2022 10:00:00,2.1,16.4,17.5,98.0,100.0,7.2,1.0
11714,474700,9/16/2022,sexta-feira,11:15:00,MG,40.0,661.1,CARANDAI,Chuva,Colisão frontal,Com Vítimas Fatais,Pleno dia,Crescente,Chuva,Simples,Reta,Não,2,1,0,0,1,0,0,2,-20.910163,-43.828845,SPRF-MG,DEL05-MG,UOP02-DEL05-MG,16/09/2022 11:00:00,1.6,16.1,16.4,98.0,100.0,11.3,1.0
11844,475365,9/6/2022,terça-feira,18:08:00,PR,163.0,290.0,MARECHAL CANDIDO RONDON,Chuva,Colisão traseira,Com Vítimas Feridas,Plena Noite,Decrescente,Chuva,Simples,Reta,Não,3,0,1,0,2,0,1,2,-24.51705068,-54.08065265,SPRF-PR,DEL06-PR,UOP02-DEL06-PR,06/09/2022 18:00:00,1.0,18.6,19.7,93.0,76.0,11.0,1.0
11846,475372,9/19/2022,segunda-feira,4:50:00,BA,324.0,602.0,SIMOES FILHO,Chuva,Colisão traseira,Com Vítimas Feridas,Amanhecer,Decrescente,Nevoeiro/Neblina,Dupla,Reta,Não,5,0,2,0,3,0,2,2,-12.76402892,-38.42393483,SPRF-BA,DEL01-BA,UOP01-DEL01-BA,19/09/2022 05:00:00,1.1,22.9,23.8,85.0,100.0,21.9,0.0
11943,475760,9/21/2022,quarta-feira,11:30:00,PR,277.0,721.0,FOZ DO IGUACU,Chuva,Colisão transversal,Com Vítimas Feridas,Pleno dia,Decrescente,Chuva,Dupla,Reta,Sim,14,0,10,2,1,1,12,2,-25.4911505,-54.51185421,SPRF-PR,DEL05-PR,UOP03-DEL05-PR,21/09/2022 12:00:00,7.0,19.6,22.4,96.0,100.0,4.1,1.0
11987,475910,9/22/2022,quinta-feira,8:10:00,MG,365.0,45.9,CLARO DOS POCOES,Chuva,Colisão frontal,Com Vítimas Feridas,Pleno dia,Crescente,Garoa/Chuvisco,Simples,Reta,Não,3,0,2,1,0,0,3,2,-16.91338837,-44.20830575,SPRF-MG,DEL12-MG,UOP01-DEL12-MG,22/09/2022 08:00:00,0.4,22.9,24.2,66.0,68.0,6.1,1.0
11997,475945,9/14/2022,quarta-feira,9:30:00,MS,163.0,374.0,NOVA ALVORADA DO SUL,Chuva,Saída de leito carroçável,Com Vítimas Feridas,Pleno dia,Crescente,Chuva,Simples,Não Informado,Não,1,0,1,0,0,0,1,1,-21.39332793,-54.40779977,SPRF-MS,DEL02-MS,UOP01-DEL02-MS,14/09/2022 10:00:00,0.2,20.5,20.7,71.0,79.0,9.8,1.0
12000,475962,9/22/2022,quinta-feira,11:40:00,MT,163.0,773.0,SORRISO,Chuva,Colisão traseira,Com Vítimas Feridas,Pleno dia,Decrescente,Chuva,Simples,Não Informado,Não,5,0,1,0,4,0,1,5,-12.40404741,-55.62558543,SPRF-MT,DEL06-MT,UOP01-DEL06-MT,22/09/2022 12:00:00,0.1,30.3,33.8,58.0,61.0,8.0,1.0
12018,476017,9/22/2022,quinta-feira,17:40:00,GO,20.0,16.2,FORMOSA,Chuva,Colisão transversal,Com Vítimas Fatais,Anoitecer,Crescente,Chuva,Simples,Reta,Não,2,1,0,0,1,0,0,2,-15.56247,-47.215034,SPRF-DF,DEL02-DF,UOP01-DEL02-DF,22/09/2022 18:00:00,2.1,21.5,24.8,90.0,83.0,3.3,1.0
12019,476021,9/22/2022,quinta-feira,17:00:00,MT,163.0,539.0,DIAMANTINO,Chuva,Tombamento,Sem Vítimas,Anoitecer,Crescente,Chuva,Simples,Reta,Não,1,0,0,0,1,0,0,1,-14.39101303,-56.11636404,SPRF-MT,DEL01-MT,UOP01-DEL01-MT,22/09/2022 17:00:00,0.0,29.3,31.6,53.0,57.0,5.9,1.0
12189,476974,9/26/2022,segunda-feira,10:30:00,PR,116.0,45.0,CAMPINA GRANDE DO SUL,Chuva,Saída de leito carroçável,Com Vítimas Feridas,Pleno dia,Crescente,Chuva,Simples,Curva,Não,2,0,2,0,0,0,2,1,-25.19502698,-48.89003802,SPRF-PR,DEL01-PR,UOP02-DEL01-PR,26/09/2022 11:00:00,3.3,15.5,15.9,94.0,100.0,8.1,1.0
12278,477244,9/27/2022,terça-feira,16:00:00,MG,381.0,942.0,EXTREMA,Chuva,Colisão traseira,Com Vítimas Feridas,Pleno dia,Crescente,Chuva,Dupla,Não Informado,Não,3,0,1,0,1,1,1,2,-22.86605937,-46.34940386,SPRF-MG,DEL16-MG,UOP03-DEL16-MG,27/09/2022 16:00:00,1.2,21.0,22.6,78.0,93.0,6.7,1.0
12286,477281,9/27/2022,terça-feira,18:40:00,SP,116.0,154.0,SAO JOSE DOS CAMPOS,Chuva,Colisão lateral mesmo sentido,Com Vítimas Feridas,Plena Noite,Decrescente,Chuva,Dupla,Reta,Sim,2,0,1,0,1,0,1,2,-23.23903999,-45.92061901,SPRF-SP,DEL02-SP,UOP01-DEL02-SP,27/09/2022 19:00:00,0.2,20.1,22.7,88.0,100.0,2.5,0.0
12303,477328,9/28/2022,quarta-feira,4:50:00,MG,40.0,464.9,SETE LAGOAS,Chuva,Saída de leito carroçável,Com Vítimas Feridas,Amanhecer,Crescente,Garoa/Chuvisco,Dupla,Curva,Não,3,0,3,0,0,0,3,1,-19.43110896,-44.33657482,SPRF-MG,DEL02-MG,UOP01-DEL02-MG,28/09/2022 05:00:00,0.0,20.4,22.0,82.0,44.0,6.9,0.0
12375,477591,9/29/2022,quinta-feira,16:20:00,PR,116.0,42.0,CAMPINA GRANDE DO SUL,Chuva,Colisão com objeto,Sem Vítimas,Pleno dia,Crescente,Garoa/Chuvisco,Dupla,Curva,Sim,4,0,0,0,4,0,0,4,-25.17611697,-48.874256,SPRF-PR,DEL01-PR,UOP02-DEL01-PR,29/09/2022 16:00:00,0.1,13.0,11.3,89.0,100.0,14.2,1.0
12384,477625,9/29/2022,quinta-feira,18:13:00,RO,319.0,59.0,PORTO VELHO,Chuva,Colisão lateral mesmo sentido,Com Vítimas Feridas,Plena Noite,Crescente,Chuva,Dupla,Reta,Sim,3,0,2,0,1,0,2,2,-8.74023933,-63.89137499,SPRF-RO,DEL01-RO,UOP01-DEL01-RO,29/09/2022 18:00:00,0.0,28.3,33.8,83.0,50.0,8.6,1.0
12505,478256,10/2/2022,domingo,19:40:00,MG,365.0,6.5,MONTES CLAROS,Chuva,Capotamento,Com Vítimas Feridas,Plena Noite,Crescente,Chuva,Simples,Desvio Temporário,Não,3,0,0,2,0,1,2,2,-16.76417412,-43.88409886,SPRF-MG,DEL12-MG,UOP01-DEL12-MG,02/10/2022 20:00:00,0.0,28.1,28.4,41.0,60.0,5.9,0.0
12601,478608,9/27/2022,terça-feira,2:30:00,MG,365.0,396.8,PATOS DE MINAS,Chuva,Tombamento,Com Vítimas Feridas,Plena Noite,Crescente,Chuva,Simples,Reta,Não,2,0,2,0,0,0,2,2,-18.6348452,-46.35976886,SPRF-MG,DEL10-MG,UOP01-DEL10-MG,27/09/2022 03:00:00,0.0,19.4,19.4,73.0,98.0,10.1,0.0
12606,478629,10/4/2022,terça-feira,18:00:00,GO,20.0,20.5,FORMOSA,Chuva,Colisão frontal,Com Vítimas Feridas,Plena Noite,Crescente,Chuva,Simples,Reta,Não,7,0,0,2,5,0,2,3,-15.551152,-47.178364,SPRF-DF,DEL02-DF,UOP02-DEL02-DF,04/10/2022 18:00:00,0.0,25.1,26.7,61.0,26.0,6.0,1.0
12687,478883,10/6/2022,quinta-feira,8:20:00,SC,101.0,211.0,SAO JOSE,Chuva,Colisão traseira,Sem Vítimas,Pleno dia,Decrescente,Chuva,Dupla,Reta,Sim,2,0,0,0,2,0,0,2,-27.62329313,-48.65245588,SPRF-SC,DEL01-SC,UOP02-DEL01-SC,06/10/2022 08:00:00,0.5,18.7,20.0,96.0,100.0,11.9,1.0
12724,479049,10/6/2022,quinta-feira,17:15:00,MT,163.0,709.0,SORRISO,Chuva,Colisão frontal,Com Vítimas Feridas,Pleno dia,Crescente,Chuva,Simples,Reta,Não,18,0,4,3,11,0,7,3,-13.01280402,-55.89161195,SPRF-MT,DEL06-MT,UOP01-DEL06-MT,06/10/2022 17:00:00,0.0,33.2,34.2,40.0,23.0,11.9,1.0
12767,479265,10/7/2022,sexta-feira,20:30:00,MG,40.0,473.4,SETE LAGOAS,Chuva,Colisão com objeto,Com Vítimas Feridas,Plena Noite,Decrescente,Chuva,Dupla,Reta,Sim,1,0,1,0,0,0,1,1,-19.496351,-44.27992,SPRF-MG,DEL02-MG,UOP01-DEL02-MG,07/10/2022 21:00:00,0.0,21.3,24.6,90.0,70.0,2.6,0.0
12840,479638,10/9/2022,domingo,5:00:00,MG,365.0,194.0,BURITIZEIRO,Chuva,Saída de leito carroçável,Com Vítimas Feridas,Amanhecer,Crescente,Chuva,Simples,Curva,Não,2,0,2,0,0,0,2,1,-17.46514923,-45.19237868,SPRF-MG,DEL12-MG,UOP01-DEL12-MG,09/10/2022 05:00:00,0.0,21.6,23.0,76.0,39.0,7.6,0.0
12870,479789,10/10/2022,segunda-feira,4:30:00,PR,277.0,720.5,FOZ DO IGUACU,Chuva,Colisão lateral mesmo sentido,Com Vítimas Feridas,Plena Noite,Decrescente,Chuva,Dupla,Reta,Sim,2,0,1,0,1,0,1,2,-25.48750984,-54.50317706,SPRF-PR,DEL05-PR,UOP03-DEL05-PR,10/10/2022 05:00:00,2.0,13.8,13.1,94.0,100.0,11.3,0.0
13269,481529,10/19/2022,quarta-feira,6:50:00,BA,242.0,400.0,SEABRA,Chuva,Tombamento,Com Vítimas Feridas,Pleno dia,Crescente,Chuva,Simples,Curva,Não,1,0,1,0,0,0,1,1,-12.47134497,-41.69102199,SPRF-BA,DEL06-BA,UOP01-DEL06-BA,19/10/2022 07:00:00,0.1,18.8,18.3,82.0,53.0,16.9,1.0
13274,481559,10/19/2022,quarta-feira,11:40:00,RJ,101.0,465.0,ANGRA DOS REIS,Chuva,Colisão frontal,Com Vítimas Feridas,Pleno dia,Crescente,Chuva,Simples,Curva,Não,2,0,0,1,1,0,1,2,-23.01794979,-44.21352319,SPRF-RJ,DEL03-RJ,UOP02-DEL03-RJ,19/10/2022 12:00:00,0.1,25.2,28.6,76.0,95.0,5.8,1.0
13348,481863,10/21/2022,sexta-feira,0:01:00,PR,376.0,326.8,ORTIGUEIRA,Chuva,Colisão com objeto,Com Vítimas Feridas,Plena Noite,Crescente,Chuva,Simples,Não Informado,Não,2,0,2,0,0,0,2,1,-24.06597012,-51.06422178,SPRF-PR,DEL07-PR,UOP02-DEL07-PR,21/10/2022 00:00:00,0.0,17.6,19.3,97.0,61.0,5.8,0.0
13375,481959,10/21/2022,sexta-feira,10:00:00,GO,153.0,500.0,GOIANIA,Chuva,Saída de leito carroçável,Sem Vítimas,Pleno dia,Decrescente,Chuva,Múltipla,Reta,Sim,1,0,0,0,1,0,0,1,-16.7118,-49.2324,SPRF-GO,DEL01-GO,UOP01-DEL01-GO,21/10/2022 10:00:00,0.0,27.8,27.6,47.0,100.0,15.5,1.0
13389,482008,10/21/2022,sexta-feira,16:00:00,MG,40.0,592.4,OURO PRETO,Chuva,Colisão com objeto,Com Vítimas Feridas,Pleno dia,Decrescente,Chuva,Múltipla,Não Informado,Não,6,0,1,0,5,0,1,6,-20.39008944,-43.90681744,SPRF-MG,DEL05-MG,UOP02-DEL05-MG,21/10/2022 16:00:00,3.1,20.8,22.6,79.0,100.0,4.5,1.0
13396,482034,10/21/2022,sexta-feira,8:20:00,MT,163.0,574.9,NOVA MUTUM,Chuva,Colisão frontal,Com Vítimas Fatais,Pleno dia,Crescente,Chuva,Simples,Reta,Não,2,1,0,1,0,0,1,2,-14.13148636,-56.10995832,SPRF-MT,DEL01-MT,UOP01-DEL01-MT,21/10/2022 08:00:00,0.0,24.5,29.5,93.0,64.0,4.8,1.0
13602,483069,10/22/2022,sábado,23:30:00,MG,365.0,322.0,JOAO PINHEIRO,Chuva,Tombamento,Com Vítimas Feridas,Plena Noite,Decrescente,Chuva,Simples,Não Informado,Não,2,0,2,0,0,0,2,1,-18.26617164,-45.88398501,SPRF-MG,DEL10-MG,UOP01-DEL10-MG,23/10/2022 00:00:00,0.1,22.3,23.8,66.0,87.0,3.3,0.0
13609,483100,10/26/2022,quarta-feira,10:30:00,BA,116.0,173.0,CANUDOS,Chuva,Colisão lateral sentido oposto,Com Vítimas Feridas,Pleno dia,Crescente,Chuva,Simples,Reta,Sim,5,0,2,1,1,1,3,3,-10.13921695,-39.11302883,SPRF-BA,DEL07-BA,UOP02-DEL07-BA,26/10/2022 11:00:00,0.2,25.1,27.1,69.0,100.0,9.2,1.0
13650,483278,10/27/2022,quinta-feira,16:20:00,MG,262.0,754.0,SACRAMENTO,Chuva,Saída de leito carroçável,Com Vítimas Feridas,Pleno dia,Decrescente,Chuva,Simples,Reta,Não,1,0,0,1,0,0,1,1,-19.65112859,-47.54557012,SPRF-MG,DEL13-MG,UOP01-DEL13-MG,27/10/2022 16:00:00,0.0,29.2,29.1,37.0,20.0,6.8,1.0
13766,483907,10/30/2022,domingo,15:30:00,MG,251.0,449.2,GRAO MOGOL,Chuva,Colisão lateral sentido oposto,Com Vítimas Feridas,Pleno dia,Decrescente,Chuva,Simples,Não Informado,Não,3,0,2,0,1,0,2,2,-16.420528,-43.28967,SPRF-MG,DEL12-MG,UOP01-DEL12-MG,30/10/2022 16:00:00,0.0,29.5,29.4,39.0,63.0,9.2,1.0
13809,484138,10/31/2022,segunda-feira,15:30:00,MG,381.0,906.9,CAMBUI,Chuva,Colisão traseira,Com Vítimas Feridas,Pleno dia,Decrescente,Chuva,Dupla,Curva,Não,2,0,1,0,1,0,1,2,-22.67220562,-46.09363478,SPRF-MG,DEL16-MG,UOP03-DEL16-MG,31/10/2022 16:00:00,3.9,22.8,25.5,79.0,100.0,4.8,1.0
13858,484341,11/1/2022,terça-feira,19:30:00,MG,116.0,123.6,ITAOBIM,Chuva,Capotamento,Com Vítimas Feridas,Plena Noite,Crescente,Chuva,Simples,Curva,Não,1,0,0,1,0,0,1,1,-16.62714205,-41.50269872,SPRF-MG,DEL11-MG,UOP02-DEL11-MG,01/11/2022 20:00:00,0.2,24.9,29.7,91.0,94.0,6.2,0.0
13874,484409,11/2/2022,quarta-feira,13:05:00,MG,251.0,474.3,FRANCISCO SA,Chuva,Colisão traseira,Com Vítimas Feridas,Pleno dia,Decrescente,Chuva,Simples,Reta,Não,3,0,1,0,2,0,1,2,-16.47012768,-43.44753404,SPRF-MG,DEL12-MG,UOP01-DEL12-MG,02/11/2022 13:00:00,2.9,21.5,24.4,96.0,100.0,9.4,1.0
13877,484415,11/2/2022,quarta-feira,15:45:00,MG,459.0,67.0,SENADOR JOSE BENTO,Chuva,Colisão frontal,Com Vítimas Fatais,Pleno dia,Crescente,Garoa/Chuvisco,Simples,Não Informado,Não,4,1,2,0,1,0,2,2,-22.131327,-46.181057,SPRF-MG,DEL09-MG,UOP01-DEL09-MG,02/11/2022 16:00:00,0.3,12.9,10.6,78.0,100.0,14.3,1.0
13949,484723,11/4/2022,sexta-feira,11:00:00,BA,116.0,831.9,VITORIA DA CONQUISTA,Chuva,Tombamento,Com Vítimas Feridas,Pleno dia,Crescente,Chuva,Simples,Reta,Não,1,0,1,0,0,0,1,1,-14.925521,-40.883977,SPRF-BA,DEL08-BA,UOP01-DEL08-BA,04/11/2022 11:00:00,0.7,15.4,14.4,87.0,100.0,14.0,1.0
13983,484867,11/4/2022,sexta-feira,20:30:00,BA,116.0,794.4,PLANALTO,Chuva,Colisão traseira,Com Vítimas Feridas,Plena Noite,Crescente,Chuva,Simples,Reta,Não,5,0,4,0,1,0,4,2,-14.72029,-40.62091,SPRF-BA,DEL08-BA,UOP02-DEL08-BA,04/11/2022 21:00:00,0.1,14.3,13.6,93.0,100.0,12.0,0.0
14236,485913,11/10/2022,quinta-feira,14:50:00,TO,153.0,133.1,ARAGUAINA,Chuva,Colisão com objeto,Sem Vítimas,Pleno dia,Crescente,Chuva,Simples,Rotatória,Não,1,0,0,0,1,0,0,1,-7.12178379,-48.19293926,SPRF-TO,DEL02-TO,UOP01-DEL02-TO,10/11/2022 15:00:00,0.0,31.6,35.4,52.0,36.0,9.1,1.0
14308,486133,11/11/2022,sexta-feira,17:50:00,SP,381.0,57.0,MAIRIPORA,Chuva,Colisão lateral mesmo sentido,Com Vítimas Feridas,Anoitecer,Decrescente,Chuva,Dupla,Reta,Não,3,0,1,0,2,0,1,2,-23.2658219,-46.5839857,SPRF-SP,DEL03-SP,UOP01-DEL03-SP,11/11/2022 18:00:00,6.2,19.2,21.6,95.0,100.0,4.7,1.0
14329,486220,11/11/2022,sexta-feira,16:30:00,SP,116.0,540.0,BARRA DO TURVO,Chuva,Colisão com objeto,Com Vítimas Feridas,Pleno dia,Crescente,Chuva,Dupla,Não Informado,Não,1,0,1,0,0,0,1,1,-24.96815654,-48.39159909,SPRF-SP,DEL05-SP,UOP02-DEL05-SP,11/11/2022 17:00:00,1.8,19.2,21.4,98.0,100.0,8.0,1.0
14443,486777,11/14/2022,segunda-feira,11:30:00,SP,116.0,230.0,SAO PAULO,Chuva,Colisão traseira,Com Vítimas Feridas,Pleno dia,Crescente,Sol,Múltipla,Reta,Não,2,0,1,0,1,0,1,2,-23.52251783,-46.5855702,SPRF-SP,DEL01-SP,UOP01-DEL01-SP,14/11/2022 12:00:00,0.0,28.7,31.0,60.0,18.0,23.6,1.0
14447,486814,11/14/2022,segunda-feira,15:00:00,DF,20.0,5.6,BRASILIA,Chuva,Colisão lateral mesmo sentido,Com Vítimas Feridas,Pleno dia,Crescente,Chuva,Dupla,Reta,Não,5,0,3,0,2,0,3,3,-15.670546,-47.816044,SPRF-DF,DEL02-DF,UOP01-DEL02-DF,14/11/2022 15:00:00,1.7,25.0,28.0,70.0,53.0,3.1,1.0
14486,486998,11/15/2022,terça-feira,13:45:00,MG,381.0,494.8,BETIM,Chuva,Colisão com objeto,Com Vítimas Feridas,Pleno dia,Decrescente,Chuva,Dupla,Reta,Sim,10,0,4,0,6,0,4,8,-19.973527,-44.184685,SPRF-MG,DEL01-MG,UOP03-DEL01-MG,15/11/2022 14:00:00,4.1,24.7,27.8,72.0,88.0,3.3,1.0
14744,488190,11/21/2022,segunda-feira,17:50:00,MT,163.0,516.6,DIAMANTINO,Chuva,Capotamento,Com Vítimas Feridas,Anoitecer,Crescente,Garoa/Chuvisco,Simples,Reta,Não,1,0,1,0,0,0,1,1,-14.54279705,-56.23245816,SPRF-MT,DEL01-MT,UOP01-DEL01-MT,21/11/2022 18:00:00,0.6,26.3,29.7,69.0,46.0,3.9,1.0
14782,488317,11/24/2022,quinta-feira,15:50:00,DF,20.0,24.9,BRASILIA,Chuva,Saída de leito carroçável,Sem Vítimas,Pleno dia,Decrescente,Chuva,Dupla,Reta,Não,2,0,0,0,2,0,0,1,-15.59575734,-47.64770508,SPRF-DF,DEL02-DF,UOP01-DEL02-DF,24/11/2022 16:00:00,0.6,24.4,27.1,68.0,52.0,2.2,1.0
14882,488657,11/23/2022,quarta-feira,7:45:00,MG,262.0,597.0,CAMPOS ALTOS,Chuva,Colisão com objeto,Sem Vítimas,Amanhecer,Decrescente,Chuva,Simples,Não Informado,Não,1,0,0,0,1,0,0,1,-19.65499912,-46.18848896,SPRF-MG,DEL08-MG,UOP02-DEL08-MG,23/11/2022 08:00:00,0.9,18.1,19.5,90.0,100.0,5.2,1.0
15011,489218,11/27/2022,domingo,17:40:00,GO,153.0,633.3,MORRINHOS,Chuva,Saída de leito carroçável,Com Vítimas Fatais,Anoitecer,Crescente,Chuva,Dupla,Reta,Não,3,1,2,0,0,0,2,2,-17.8191,-49.2117,SPRF-GO,DEL03-GO,UOP01-DEL03-GO,27/11/2022 18:00:00,0.0,25.1,26.1,57.0,32.0,6.9,1.0
15017,489239,11/27/2022,domingo,22:05:00,ES,101.0,338.8,GUARAPARI,Chuva,Colisão frontal,Com Vítimas Feridas,Plena Noite,Crescente,Chuva,Simples,Curva,Não,5,0,1,3,1,0,4,2,-20.64347205,-40.55826601,SPRF-ES,DEL03-ES,UOP01-DEL03-ES,27/11/2022 22:00:00,0.5,22.6,25.7,94.0,100.0,11.4,0.0
15026,489272,11/28/2022,segunda-feira,2:35:00,BA,324.0,604.0,SIMOES FILHO,Chuva,Colisão lateral mesmo sentido,Sem Vítimas,Plena Noite,Crescente,Garoa/Chuvisco,Dupla,Reta,Sim,2,0,0,0,2,0,0,2,-12.79673598,-38.40545654,SPRF-BA,DEL01-BA,UOP01-DEL01-BA,28/11/2022 03:00:00,0.3,24.6,27.0,85.0,83.0,17.2,0.0
15101,489580,11/29/2022,terça-feira,6:10:00,ES,101.0,284.7,CARIACICA,Chuva,Colisão lateral mesmo sentido,Com Vítimas Feridas,Pleno dia,Decrescente,Chuva,Dupla,Não Informado,Não,2,0,1,0,1,0,1,2,-20.24334991,-40.3696926,SPRF-ES,DEL01-ES,UOP01-DEL01-ES,29/11/2022 06:00:00,0.4,22.5,26.0,97.0,100.0,9.7,1.0
15158,489784,11/29/2022,terça-feira,18:30:00,BA,101.0,116.0,ALAGOINHAS,Chuva,Tombamento,Com Vítimas Feridas,Plena Noite,Crescente,Chuva,Simples,Reta,Não,2,0,1,0,1,0,1,1,-12.1577336,-38.52847705,SPRF-BA,DEL01-BA,UOP04-DEL01-BA,29/11/2022 19:00:00,1.1,24.0,27.2,92.0,68.0,14.3,0.0
15202,489983,11/28/2022,segunda-feira,1:00:00,PR,116.0,52.0,CAMPINA GRANDE DO SUL,Chuva,Tombamento,Com Vítimas Feridas,Plena Noite,Crescente,Chuva,Dupla,Reta,Não,1,0,1,0,0,0,1,1,-25.24905809,-48.90839593,SPRF-PR,DEL01-PR,UOP02-DEL01-PR,28/11/2022 01:00:00,0.8,15.2,14.9,99.0,100.0,13.6,0.0
15242,490125,12/1/2022,quinta-feira,16:30:00,GO,153.0,549.3,PIRACANJUBA,Chuva,Saída de leito carroçável,Com Vítimas Feridas,Pleno dia,Crescente,Chuva,Dupla,Desvio Temporário,Não,1,0,1,0,0,0,1,1,-17.1321,-49.2141,SPRF-GO,DEL01-GO,UOP03-DEL01-GO,01/12/2022 17:00:00,2.1,24.9,27.4,73.0,23.0,8.2,1.0
15253,490157,12/2/2022,sexta-feira,5:50:00,ES,101.0,7.1,PEDRO CANARIO,Chuva,Saída de leito carroçável,Com Vítimas Feridas,Amanhecer,Crescente,Chuva,Simples,Desvio Temporário,Não,1,0,1,0,0,0,1,1,-18.22768508,-39.94459291,SPRF-ES,DEL04-ES,UOP02-DEL04-ES,02/12/2022 06:00:00,2.2,22.9,25.3,94.0,100.0,17.8,1.0
15271,490227,9/24/2022,sábado,22:30:00,BA,242.0,704.0,CRISTOPOLIS,Chuva,Saída de leito carroçável,Com Vítimas Feridas,Plena Noite,Crescente,Chuva,Simples,Reta,Não,1,0,1,0,0,0,1,1,-12.22349582,-44.2529887,SPRF-BA,DEL10-BA,UOP02-DEL10-BA,24/09/2022 23:00:00,5.0,21.6,24.3,90.0,54.0,7.7,0.0
15313,490426,12/3/2022,sábado,2:16:00,GO,50.0,125.0,IPAMERI,Chuva,Capotamento,Com Vítimas Feridas,Plena Noite,Crescente,Chuva,Dupla,Reta,Não,2,0,1,1,0,0,2,1,-16.96707657,-47.74014473,SPRF-GO,DEL06-GO,UOP01-DEL06-GO,03/12/2022 02:00:00,3.3,19.4,21.2,95.0,100.0,8.8,0.0
15322,490455,12/2/2022,sexta-feira,15:20:00,MT,364.0,331.0,CAMPO VERDE,Chuva,Tombamento,Com Vítimas Feridas,Pleno dia,Crescente,Chuva,Dupla,Curva,Não,2,0,2,0,0,0,2,1,-15.822813,-55.419647,SPRF-MT,DEL05-MT,UOP02-DEL05-MT,02/12/2022 15:00:00,0.2,27.5,31.5,64.0,44.0,2.5,1.0
15433,490951,12/5/2022,segunda-feira,13:20:00,GO,452.0,156.0,ITUMBIARA,Chuva,Colisão lateral sentido oposto,Com Vítimas Fatais,Pleno dia,Crescente,Chuva,Simples,Reta,Não,4,1,0,2,1,0,2,2,-18.29685014,-49.53730602,SPRF-GO,DEL03-GO,UOP02-DEL03-GO,05/12/2022 13:00:00,0.0,28.2,33.5,66.0,100.0,6.0,1.0
15438,490970,12/5/2022,segunda-feira,15:40:00,MG,262.0,465.7,BOM DESPACHO,Chuva,Engavetamento,Com Vítimas Feridas,Pleno dia,Crescente,Chuva,Simples,Não Informado,Não,4,0,2,0,2,0,2,3,-19.80935414,-45.11587504,SPRF-MG,DEL08-MG,UOP03-DEL08-MG,05/12/2022 16:00:00,0.1,23.4,25.0,76.0,100.0,12.3,1.0
15451,491066,12/6/2022,terça-feira,7:30:00,RJ,116.0,70.0,TERESOPOLIS,Chuva,Capotamento,Com Vítimas Feridas,Amanhecer,Crescente,Chuva,Simples,Curva,Não,1,0,1,0,0,0,1,1,-22.36325274,-42.95036316,SPRF-RJ,DEL04-RJ,UOP01-DEL04-RJ,06/12/2022 08:00:00,1.1,21.1,22.5,81.0,89.0,9.3,1.0
15453,491085,12/6/2022,terça-feira,9:50:00,MG,40.0,593.4,OURO PRETO,Chuva,Colisão lateral sentido oposto,Com Vítimas Feridas,Pleno dia,Crescente,Chuva,Simples,Curva,Não,2,0,1,0,1,0,1,2,-20.39652552,-43.90310526,SPRF-MG,DEL05-MG,UOP02-DEL05-MG,06/12/2022 10:00:00,0.5,18.0,18.7,87.0,100.0,8.7,1.0
15493,491237,12/7/2022,quarta-feira,1:00:00,RJ,116.0,264.0,VOLTA REDONDA,Chuva,Atropelamento de Pedestre,Com Vítimas Fatais,Plena Noite,Crescente,Chuva,Dupla,Reta,Não,2,1,0,0,0,1,0,1,-22.59213864,-44.07723781,SPRF-RJ,DEL07-RJ,UOP02-DEL07-RJ,07/12/2022 01:00:00,0.0,19.9,22.4,95.0,65.0,6.5,0.0
15495,491240,12/7/2022,quarta-feira,2:00:00,RJ,101.0,283.0,ITABORAI,Chuva,Tombamento,Com Vítimas Feridas,Plena Noite,Crescente,Garoa/Chuvisco,Dupla,Curva,Não,1,0,1,0,0,0,1,1,-22.73591014,-42.80592689,SPRF-RJ,DEL02-RJ,UOP02-DEL02-RJ,07/12/2022 02:00:00,0.9,22.2,25.8,93.0,75.0,5.4,0.0