,id,data_inversa,dia_semana,horario,uf,br,km,municipio,causa_acidente,tipo_acidente,classificacao_acidente,fase_dia,sentido_via,condicao_metereologica,tipo_pista,tracado_via,uso_solo,pessoas,mortos,feridos_leves,feridos_graves,ilesos,ignorados,feridos,veiculos,latitude,longitude,regional,delegacia,uop,rounded_datetime,rain,temperature_2m,apparent_temperature,relativehumidity_2m,cloudcover,windspeed_10m,is_day
17720,407198,1/7/2022,sexta-feira,0:30:00,RJ,116.0,45.0,TERESOPOLIS,Chuva,Saída de leito carroçável,Com Vítimas Feridas,Plena Noite,Crescente,Chuva,Simples,Reta,Não,1,0,1,0,0,0,1,1,-22.16311405,-42.81414095,SPRF-RJ,DEL04-RJ,UOP01-DEL04-RJ,07/01/2022 01:00:00,2.5,20.4,24.0,95.0,100.0,0.5,0.0
17721,407199,1/7/2022,sexta-feira,5:55:00,MG,40.0,474.5,SETE LAGOAS,Chuva,Saída de leito carroçável,Com Vítimas Feridas,Amanhecer,Decrescente,Chuva,Dupla,Desvio Temporário,Não,4,0,2,0,2,0,2,1,-19.50551591,-44.27423377,SPRF-MG,DEL02-MG,UOP01-DEL02-MG,07/01/2022 06:00:00,1.0,19.5,21.5,95.0,100.0,8.8,1.0
17735,407216,1/7/2022,sexta-feira,7:28:00,MG,381.0,732.4,CARMO DA CACHOEIRA,Chuva,Saída de leito carroçável,Com Vítimas Feridas,Pleno dia,Decrescente,Chuva,Dupla,Não Informado,Não,2,0,2,0,0,0,2,1,-21.55413799,-45.24499427,SPRF-MG,DEL16-MG,UOP02-DEL16-MG,07/01/2022 07:00:00,0.1,19.1,21.5,95.0,67.0,4.0,1.0
17739,407227,1/7/2022,sexta-feira,9:00:00,PR,116.0,0.1,CAMPINA GRANDE DO SUL,Chuva,Saída de leito carroçável,Com Vítimas Feridas,Pleno dia,Crescente,Chuva,Dupla,Curva,Não,2,0,1,0,1,0,1,1,-25.0604,-48.562973,SPRF-PR,DEL01-PR,UOP02-DEL01-PR,07/01/2022 09:00:00,0.2,19.0,19.1,78.0,100.0,11.4,1.0
17751,407258,1/7/2022,sexta-feira,14:00:00,MG,262.0,537.8,LUZ,Chuva,Capotamento,Com Vítimas Feridas,Pleno dia,Crescente,Chuva,Simples,Curva,Não,5,0,4,0,0,1,4,1,-19.77286917,-45.77984801,SPRF-MG,DEL08-MG,UOP02-DEL08-MG,07/01/2022 14:00:00,5.8,22.8,26.6,85.0,100.0,1.3,1.0
17763,407300,1/7/2022,sexta-feira,15:55:00,MG,381.0,794.9,SAO GONCALO DO SAPUCAI,Chuva,Capotamento,Com Vítimas Feridas,Pleno dia,Crescente,Chuva,Dupla,Curva,Não,4,0,2,0,2,0,2,1,-21.92913899,-45.61170907,SPRF-MG,DEL16-MG,UOP02-DEL16-MG,07/01/2022 16:00:00,0.7,22.4,24.8,83.0,100.0,7.9,1.0
17776,407323,1/7/2022,sexta-feira,16:30:00,PR,116.0,6.0,CAMPINA GRANDE DO SUL,Chuva,Saída de leito carroçável,Com Vítimas Feridas,Pleno dia,Crescente,Chuva,Dupla,Curva,Não,3,0,1,0,2,0,1,1,-25.08258,-48.612372,SPRF-PR,DEL01-PR,UOP02-DEL01-PR,07/01/2022 17:00:00,0.0,19.7,19.3,76.0,83.0,14.3,1.0
17789,407355,1/7/2022,sexta-feira,19:15:00,MG,40.0,608.2,CONGONHAS,Chuva,Colisão frontal,Com Vítimas Feridas,Plena Noite,Decrescente,Chuva,Simples,Reta,Não,2,0,2,0,0,0,2,2,-20.490693,-43.837029,SPRF-MG,DEL05-MG,UOP02-DEL05-MG,07/01/2022 19:00:00,2.2,19.6,21.2,94.0,100.0,11.3,0.0
17816,407396,1/8/2022,sábado,1:10:00,MG,262.0,470.9,BOM DESPACHO,Chuva,Saída de leito carroçável,Sem Vítimas,Plena Noite,Decrescente,Chuva,Simples,Reta,Não,1,0,0,0,1,0,0,1,-19.7905492,-45.1584721,SPRF-MG,DEL08-MG,UOP03-DEL08-MG,08/01/2022 01:00:00,0.4,20.4,22.8,98.0,100.0,9.7,0.0
17861,407470,1/8/2022,sábado,11:15:00,RJ,116.0,74.0,TERESOPOLIS,Chuva,Saída de leito carroçável,Com Vítimas Feridas,Pleno dia,Decrescente,Chuva,Simples,Curva,Não,1,0,1,0,0,0,1,1,-22.35343905,-42.94244164,SPRF-RJ,DEL04-RJ,UOP01-DEL04-RJ,08/01/2022 11:00:00,0.5,21.7,24.7,91.0,100.0,6.8,1.0
17909,407542,1/8/2022,sábado,16:45:00,RJ,116.0,176.0,NOVA IGUACU,Chuva,Colisão traseira,Com Vítimas Feridas,Pleno dia,Crescente,Chuva,Múltipla,Reta,Sim,4,0,1,0,1,2,1,3,-22.7839538,-43.38195488,SPRF-RJ,DEL01-RJ,UOP02-DEL01-RJ,08/01/2022 17:00:00,0.8,22.8,25.3,94.0,100.0,15.1,1.0
17919,407559,1/8/2022,sábado,14:30:00,MG,50.0,7.0,UBERLANDIA,Chuva,Saída de leito carroçável,Com Vítimas Feridas,Pleno dia,Crescente,Chuva,Dupla,Curva,Não,1,0,1,0,0,0,1,1,-18.9113,-48.2622,SPRF-MG,DEL15-MG,UOP01-DEL15-MG,08/01/2022 15:00:00,3.2,25.0,28.0,76.0,100.0,7.2,1.0
17920,407560,1/8/2022,sábado,14:45:00,MG,50.0,11.0,UBERLANDIA,Chuva,Saída de leito carroçável,Com Vítimas Feridas,Pleno dia,Decrescente,Chuva,Dupla,Reta,Não,1,0,0,1,0,0,1,1,-18.9113,-48.2622,SPRF-MG,DEL15-MG,UOP01-DEL15-MG,08/01/2022 15:00:00,3.2,25.0,28.0,76.0,100.0,7.2,1.0
17980,407644,1/8/2022,sábado,20:00:00,MG,262.0,539.4,LUZ,Chuva,Saída de leito carroçável,Com Vítimas Feridas,Plena Noite,Decrescente,Chuva,Simples,Curva,Não,2,0,2,0,0,0,2,1,-19.76268587,-45.79506296,SPRF-MG,DEL08-MG,UOP02-DEL08-MG,08/01/2022 20:00:00,0.6,21.7,23.5,83.0,100.0,9.3,0.0
17987,407655,1/9/2022,domingo,8:00:00,RJ,40.0,34.0,AREAL,Chuva,Colisão com objeto,Com Vítimas Feridas,Pleno dia,Decrescente,Chuva,Múltipla,Curva,Não,2,0,1,0,1,0,1,1,-22.20122568,-43.14116761,SPRF-RJ,DEL06-RJ,UOP01-DEL06-RJ,09/01/2022 08:00:00,0.2,20.3,23.1,93.0,100.0,3.7,1.0
17988,407656,1/6/2022,quinta-feira,7:00:00,MG,40.0,651.2,CRISTIANO OTONI,Chuva,Capotamento,Com Vítimas Feridas,Pleno dia,Crescente,Chuva,Simples,Curva,Não,1,0,1,0,0,0,1,1,-20.83352974,-43.80472872,SPRF-MG,DEL05-MG,UOP02-DEL05-MG,06/01/2022 07:00:00,1.0,19.3,20.7,94.0,100.0,12.2,1.0
17993,407665,1/9/2022,domingo,9:40:00,MG,40.0,463.0,SETE LAGOAS,Chuva,Saída de leito carroçável,Com Vítimas Feridas,Pleno dia,Decrescente,Chuva,Dupla,Reta,Não,5,0,2,0,3,0,2,1,-19.42224803,-44.33870213,SPRF-MG,DEL02-MG,UOP01-DEL02-MG,09/01/2022 10:00:00,2.0,21.0,23.9,96.0,100.0,8.0,1.0
18015,407694,1/9/2022,domingo,14:00:00,MG,381.0,732.3,CARMO DA CACHOEIRA,Chuva,Saída de leito carroçável,Com Vítimas Feridas,Pleno dia,Decrescente,Chuva,Dupla,Curva,Não,2,0,1,0,1,0,1,1,-21.52123066,-45.22345524,SPRF-MG,DEL16-MG,UOP02-DEL16-MG,09/01/2022 14:00:00,1.1,19.1,19.2,91.0,100.0,18.5,1.0
18039,407728,1/9/2022,domingo,18:00:00,SP,381.0,69.0,MAIRIPORA,Chuva,Colisão com objeto,Com Vítimas Feridas,Anoitecer,Decrescente,Chuva,Dupla,Desvio Temporário,Não,1,0,1,0,0,0,1,1,-23.34553108,-46.56787903,SPRF-SP,DEL03-SP,UOP01-DEL03-SP,09/01/2022 18:00:00,0.1,18.3,18.2,87.0,94.0,14.5,1.0
18049,407747,1/9/2022,domingo,17:30:00,MG,365.0,674.0,MONTE ALEGRE DE MINAS,Chuva,Saída de leito carroçável,Com Vítimas Feridas,Pleno dia,Decrescente,Chuva,Dupla,Reta,Não,1,0,1,0,0,0,1,1,-18.86310541,-48.7660933,SPRF-MG,DEL15-MG,UOP01-DEL15-MG,09/01/2022 18:00:00,0.1,23.1,26.0,81.0,65.0,5.4,1.0
18084,407798,1/9/2022,domingo,18:30:00,RJ,40.0,93.0,PETROPOLIS,Chuva,Saída de leito carroçável,Com Vítimas Feridas,Plena Noite,Crescente,Chuva,Simples,Curva,Não,2,0,0,1,1,0,1,1,-22.5554282,-43.25829998,SPRF-RJ,DEL06-RJ,UOP02-DEL06-RJ,09/01/2022 19:00:00,0.6,20.0,23.0,96.0,100.0,4.0,0.0
18101,407827,1/10/2022,segunda-feira,4:35:00,SC,101.0,63.7,ARAQUARI,Chuva,Colisão frontal,Com Vítimas Feridas,Amanhecer,Crescente,Chuva,Dupla,Curva,Sim,9,0,5,1,3,0,6,2,-26.45898367,-48.7584088,SPRF-SC,DEL03-SC,UOP02-DEL03-SC,10/01/2022 05:00:00,1.8,20.9,23.2,95.0,100.0,10.8,0.0
18119,407854,1/10/2022,segunda-feira,8:00:00,MG,262.0,355.0,BETIM,Chuva,Queda de ocupante de veículo,Com Vítimas Feridas,Pleno dia,Crescente,Chuva,Dupla,Reta,Sim,1,0,1,0,0,0,1,1,-19.96466575,-44.17285107,SPRF-MG,DEL01-MG,UOP03-DEL01-MG,10/01/2022 08:00:00,0.6,19.7,20.9,96.0,100.0,14.8,1.0
18179,408003,1/10/2022,segunda-feira,15:25:00,PR,376.0,451.0,TIBAGI,Chuva,Saída de leito carroçável,Com Vítimas Feridas,Pleno dia,Crescente,Chuva,Dupla,Curva,Não,4,0,1,0,3,0,1,1,-24.94239016,-50.40224704,SPRF-PR,DEL03-PR,UOP02-DEL03-PR,10/01/2022 15:00:00,0.5,21.3,22.8,86.0,95.0,13.3,1.0
18214,408059,1/11/2022,terça-feira,9:30:00,PR,116.0,14.0,CAMPINA GRANDE DO SUL,Chuva,Saída de leito carroçável,Com Vítimas Feridas,Pleno dia,Crescente,Chuva,Dupla,Curva,Não,1,0,1,0,0,0,1,1,-25.09836429,-48.67391969,SPRF-PR,DEL01-PR,UOP02-DEL01-PR,11/01/2022 10:00:00,0.6,20.1,22.9,97.0,100.0,5.8,1.0
18253,408145,1/11/2022,terça-feira,17:15:00,MG,381.0,794.1,SAO GONCALO DO SAPUCAI,Chuva,Saída de leito carroçável,Com Vítimas Feridas,Pleno dia,Decrescente,Chuva,Dupla,Curva,Não,1,0,1,0,0,0,1,1,-21.92913899,-45.61170907,SPRF-MG,DEL16-MG,UOP02-DEL16-MG,11/01/2022 17:00:00,1.1,21.2,23.9,88.0,100.0,4.9,1.0
18301,408245,1/11/2022,terça-feira,21:00:00,GO,414.0,219.0,NIQUELANDIA,Chuva,Colisão lateral sentido oposto,Sem Vítimas,Plena Noite,Crescente,Chuva,Simples,Curva,Não,4,0,0,0,3,1,0,2,-14.56381892,-48.55944814,SPRF-GO,DEL07-GO,UOP02-DEL07-GO,11/01/2022 21:00:00,1.1,21.1,24.8,97.0,86.0,3.1,0.0
18385,408390,1/13/2022,quinta-feira,13:00:00,PR,376.0,462.0,PONTA GROSSA,Chuva,Capotamento,Com Vítimas Feridas,Pleno dia,Crescente,Chuva,Dupla,Curva,Não,2,0,2,0,0,0,2,1,-25.01599,-50.338458,SPRF-PR,DEL03-PR,UOP01-DEL03-PR,13/01/2022 13:00:00,0.7,21.9,25.0,88.0,100.0,4.7,1.0
18506,408613,1/14/2022,sexta-feira,17:10:00,PR,277.0,108.0,CAMPO LARGO,Chuva,Queda de ocupante de veículo,Com Vítimas Feridas,Pleno dia,Decrescente,Chuva,Dupla,Reta,Não,1,0,1,0,0,0,1,1,-25.436224,-49.442509,SPRF-PR,DEL01-PR,UOP03-DEL03-PR,14/01/2022 17:00:00,3.7,23.5,26.1,80.0,100.0,8.2,1.0
18515,408624,1/14/2022,sexta-feira,17:30:00,PR,476.0,129.0,CURITIBA,Chuva,Colisão traseira,Com Vítimas Feridas,Pleno dia,Decrescente,Chuva,Múltipla,Reta,Sim,2,0,0,1,1,0,1,2,-25.440983,-49.233715,SPRF-PR,DEL01-PR,UOP03-DEL01-PR,14/01/2022 18:00:00,0.8,23.1,26.8,87.0,98.0,4.3,1.0
18635,408817,1/15/2022,sábado,13:15:00,PR,376.0,324.0,ORTIGUEIRA,Chuva,Saída de leito carroçável,Com Vítimas Feridas,Pleno dia,Decrescente,Chuva,Dupla,Curva,Não,1,0,1,0,0,0,1,1,-24.08335501,-51.05936802,SPRF-PR,DEL07-PR,UOP02-DEL07-PR,15/01/2022 13:00:00,1.1,28.0,32.7,61.0,37.0,7.1,1.0
18651,408838,1/15/2022,sábado,15:15:00,SC,470.0,210.3,SAO CRISTOVAO DO SUL,Chuva,Saída de leito carroçável,Com Vítimas Feridas,Pleno dia,Crescente,Chuva,Simples,Não Informado,Não,2,0,2,0,0,0,2,1,-27.302412,-50.219173,SPRF-SC,DEL05-SC,UOP03-DEL05-SC,15/01/2022 15:00:00,0.1,23.9,27.7,86.0,100.0,6.3,1.0
18700,408905,1/15/2022,sábado,14:50:00,SC,282.0,108.0,ALFREDO WAGNER,Chuva,Saída de leito carroçável,Com Vítimas Feridas,Pleno dia,Crescente,Nublado,Simples,Curva,Não,5,0,5,0,0,0,5,1,-27.710777,-49.356228,SPRF-SC,DEL01-SC,UOP03-DEL01-SC,15/01/2022 15:00:00,0.6,24.7,28.3,83.0,31.0,7.5,1.0
18719,408932,1/16/2022,domingo,5:15:00,SP,116.0,394.9,MIRACATU,Chuva,Capotamento,Com Vítimas Feridas,Amanhecer,Decrescente,Céu Claro,Dupla,Reta,Não,1,0,1,0,0,0,1,1,-24.28717454,-47.45143994,SPRF-SP,DEL04-SP,UOP02-DEL04-SP,16/01/2022 05:00:00,0.0,22.2,26.6,98.0,26.0,2.8,0.0
18804,409048,1/16/2022,domingo,17:40:00,PR,376.0,437.5,TIBAGI,Chuva,Saída de leito carroçável,Com Vítimas Feridas,Pleno dia,Crescente,Chuva,Dupla,Curva,Não,4,0,3,0,1,0,3,1,-24.84593393,-50.47413272,SPRF-PR,DEL03-PR,UOP02-DEL03-PR,16/01/2022 18:00:00,0.0,23.2,24.8,78.0,69.0,13.0,1.0
18834,409085,1/16/2022,domingo,20:50:00,RS,386.0,439.0,NOVA SANTA RITA,Chuva,Colisão com objeto,Sem Vítimas,Plena Noite,Crescente,Chuva,Dupla,Curva,Não,1,0,0,0,0,1,0,1,-29.871458,-51.248714,SPRF-RS,DEL04-RS,UOP02-DEL04-RS,16/01/2022 21:00:00,0.0,27.2,32.1,84.0,60.0,9.5,0.0
18858,409340,1/16/2022,domingo,22:30:00,RS,116.0,339.0,TAPES,Chuva,Saída de leito carroçável,Sem Vítimas,Plena Noite,Decrescente,Chuva,Simples,Não Informado,Não,1,0,0,0,1,0,0,1,-30.63466261,-51.55042648,SPRF-RS,DEL02-RS,UOP02-DEL02-RS,16/01/2022 23:00:00,0.0,28.1,30.6,74.0,50.0,20.5,0.0
19091,409885,1/19/2022,quarta-feira,14:15:00,MG,50.0,69.0,UBERLANDIA,Chuva,Tombamento,Com Vítimas Feridas,Pleno dia,Crescente,Chuva,Dupla,Reta,Sim,1,0,1,0,0,0,1,1,-18.85140204,-48.25345932,SPRF-MG,DEL15-MG,UOP01-DEL15-MG,19/01/2022 14:00:00,0.0,28.3,32.0,55.0,64.0,7.5,1.0
19128,409947,1/19/2022,quarta-feira,16:30:00,PR,376.0,338.0,ORTIGUEIRA,Chuva,Saída de leito carroçável,Sem Vítimas,Pleno dia,Decrescente,Chuva,Dupla,Curva,Não,1,0,0,0,1,0,0,1,-24.1569867,-50.97397383,SPRF-PR,DEL07-PR,UOP02-DEL07-PR,19/01/2022 17:00:00,0.4,24.1,28.6,85.0,37.0,1.5,1.0
19224,410121,1/20/2022,quinta-feira,22:20:00,RN,427.0,99.6,CAICO,Chuva,Queda de ocupante de veículo,Com Vítimas Feridas,Plena Noite,Crescente,Chuva,Simples,Reta,Sim,1,0,1,0,0,0,1,1,-6.45929918,-37.09847983,SPRF-RN,DEL03-RN,UOP01-DEL03-RN,20/01/2022 22:00:00,0.0,27.8,29.4,60.0,8.0,13.1,0.0
19253,410181,1/21/2022,sexta-feira,7:40:00,MG,40.0,246.0,SAO GONCALO DO ABAETE,Chuva,Saída de leito carroçável,Com Vítimas Feridas,Pleno dia,Crescente,Chuva,Simples,Curva,Não,1,0,0,1,0,0,1,1,-18.10077414,-45.46908824,SPRF-MG,DEL14-MG,UOP02-DEL14-MG,21/01/2022 08:00:00,0.0,24.2,27.2,80.0,18.0,8.0,1.0
19552,410679,1/23/2022,domingo,17:05:00,PR,376.0,249.0,APUCARANA,Chuva,Queda de ocupante de veículo,Com Vítimas Feridas,Pleno dia,Decrescente,Chuva,Dupla,Não Informado,Não,1,0,0,1,0,0,1,1,-23.6106323,-51.39902115,SPRF-PR,DEL07-PR,UOP02-DEL07-PR,23/01/2022 17:00:00,0.5,28.5,33.3,69.0,13.0,1.5,1.0
19705,410964,1/24/2022,segunda-feira,20:30:00,RS,285.0,360.0,COLORADO,Chuva,Saída de leito carroçável,Com Vítimas Feridas,Plena Noite,Crescente,Chuva,Simples,Reta,Não,2,0,2,0,0,0,2,1,-28.36536,-52.977024,SPRF-RS,DEL08-RS,UOP03-DEL08-RS,24/01/2022 21:00:00,0.0,29.2,31.2,55.0,48.0,9.5,0.0
19765,411073,1/25/2022,terça-feira,16:20:00,ES,259.0,46.4,COLATINA,Chuva,Colisão frontal,Com Vítimas Feridas,Pleno dia,Crescente,Chuva,Simples,Curva,Não,3,0,3,0,0,0,3,2,-19.5315965,-40.58047635,SPRF-ES,DEL02-ES,UOP01-DEL02-ES,25/01/2022 16:00:00,0.4,26.3,28.6,72.0,47.0,14.1,1.0
19929,411431,1/27/2022,quinta-feira,16:30:00,CE,222.0,27.9,CAUCAIA,Chuva,Queda de ocupante de veículo,Com Vítimas Feridas,Pleno dia,Crescente,Nublado,Simples,Curva,Não,2,0,2,0,0,0,2,1,-3.72045534,-38.79404612,SPRF-CE,DEL01-CE,UOP01-DEL01-CE,27/01/2022 17:00:00,1.0,24.4,27.4,85.0,100.0,11.5,1.0
19945,411460,1/27/2022,quinta-feira,17:45:00,PB,361.0,55.0,CATINGUEIRA,Chuva,Colisão traseira,Com Vítimas Feridas,Anoitecer,Crescente,Chuva,Simples,Reta,Não,5,0,3,0,2,0,3,2,-7.167567,-37.69489,SPRF-PB,DEL03-PB,UOP01-DEL03-PB,27/01/2022 18:00:00,1.0,25.7,28.5,80.0,89.0,14.8,0.0
19963,411493,1/27/2022,quinta-feira,23:30:00,GO,60.0,109.6,GOIANAPOLIS,Chuva,Capotamento,Com Vítimas Feridas,Plena Noite,Decrescente,Chuva,Dupla,Reta,Não,5,0,4,0,1,0,4,1,-16.4478,-49.0224,SPRF-GO,DEL01-GO,UOP01-DEL01-GO,28/01/2022 00:00:00,0.9,19.0,20.8,95.0,54.0,9.0,0.0
20023,411598,1/28/2022,sexta-feira,11:15:00,MT,364.0,338.0,SANTO ANTONIO DO LEVERGER,Chuva,Saída de leito carroçável,Com Vítimas Feridas,Pleno dia,Crescente,Chuva,Dupla,Reta,Não,2,0,2,0,0,0,2,1,-15.83561357,-55.47671408,SPRF-MT,DEL05-MT,UOP02-DEL05-MT,28/01/2022 11:00:00,0.1,25.5,28.5,73.0,81.0,8.7,1.0
20024,411600,1/28/2022,sexta-feira,11:06:00,SC,282.0,262.0,SAO JOSE DO CERRITO,Chuva,Capotamento,Com Vítimas Feridas,Pleno dia,Crescente,Chuva,Simples,Reta,Não,3,0,1,0,2,0,1,1,-27.631268,-50.605614,SPRF-SC,DEL05-SC,UOP02-DEL05-SC,28/01/2022 11:00:00,0.3,15.7,15.7,89.0,100.0,9.0,1.0
20043,411638,1/28/2022,sexta-feira,16:30:00,SC,101.0,39.0,JOINVILLE,Chuva,Colisão com objeto,Sem Vítimas,Pleno dia,Crescente,Chuva,Dupla,Reta,Sim,1,0,0,0,1,0,0,1,-26.2628107,-48.90192257,SPRF-SC,DEL03-SC,UOP01-DEL03-SC,28/01/2022 17:00:00,1.1,19.2,19.5,94.0,100.0,18.7,1.0
20052,411653,1/28/2022,sexta-feira,17:30:00,MT,364.0,567.0,NOBRES,Chuva,Saída de leito carroçável,Com Vítimas Feridas,Anoitecer,Crescente,Chuva,Dupla,Curva,Não,3,0,1,0,2,0,1,1,-14.75243128,-56.33419077,SPRF-MT,DEL01-MT,UOP01-DEL01-MT,28/01/2022 18:00:00,3.9,26.9,30.7,77.0,79.0,9.5,1.0
20058,411659,1/28/2022,sexta-feira,17:30:00,SP,116.0,567.0,BARRA DO TURVO,Chuva,Colisão com objeto,Com Vítimas Feridas,Anoitecer,Decrescente,Chuva,Simples,Curva,Não,1,0,0,1,0,0,1,1,-25.0475499,-48.55355172,SPRF-SP,DEL05-SP,UOP02-DEL05-SP,28/01/2022 18:00:00,1.3,17.8,19.1,99.0,100.0,10.7,1.0
20152,411803,1/29/2022,sábado,12:45:00,SP,381.0,61.0,MAIRIPORA,Chuva,Queda de ocupante de veículo,Com Vítimas Feridas,Pleno dia,Crescente,Chuva,Dupla,Não Informado,Não,1,0,1,0,0,0,1,1,-23.29011611,-46.5800681,SPRF-SP,DEL03-SP,UOP01-DEL03-SP,29/01/2022 13:00:00,3.0,21.0,22.8,91.0,100.0,12.8,1.0
20155,411806,1/29/2022,sábado,15:30:00,MG,40.0,521.0,CONTAGEM,Chuva,Saída de leito carroçável,Com Vítimas Feridas,Pleno dia,Crescente,Chuva,Dupla,Reta,Não,2,0,0,2,0,0,2,1,-19.85651501,-44.07213222,SPRF-MG,DEL01-MG,UOP02-DEL01-MG,29/01/2022 16:00:00,1.0,24.8,26.5,70.0,80.0,13.7,1.0
20158,411810,1/29/2022,sábado,16:25:00,MG,40.0,463.0,SETE LAGOAS,Chuva,Colisão traseira,Com Vítimas Feridas,Pleno dia,Crescente,Chuva,Dupla,Reta,Não,4,0,2,0,2,0,2,2,-19.42224803,-44.33870213,SPRF-MG,DEL02-MG,UOP01-DEL02-MG,29/01/2022 16:00:00,1.7,27.1,29.0,63.0,63.0,13.2,1.0
20163,411819,1/29/2022,sábado,14:20:00,SP,116.0,512.0,CAJATI,Chuva,Colisão com objeto,Sem Vítimas,Pleno dia,Decrescente,Chuva,Simples,Curva,Não,4,0,0,0,4,0,0,1,-24.84304306,-48.22027915,SPRF-SP,DEL05-SP,UOP02-DEL05-SP,29/01/2022 14:00:00,3.8,20.4,23.7,98.0,100.0,4.1,1.0
20173,411832,1/29/2022,sábado,17:00:00,SP,116.0,342.0,MIRACATU,Chuva,Colisão lateral mesmo sentido,Sem Vítimas,Pleno dia,Crescente,Chuva,Múltipla,Curva,Não,2,0,0,0,1,1,0,2,-24.01625202,-47.16797896,SPRF-SP,DEL04-SP,UOP02-DEL04-SP,29/01/2022 17:00:00,1.6,19.3,22.1,99.0,100.0,4.0,1.0
20243,411935,1/30/2022,domingo,8:50:00,SP,116.0,219.0,GUARULHOS,Chuva,Colisão com objeto,Sem Vítimas,Pleno dia,Crescente,Chuva,Dupla,Reta,Não,1,0,0,0,1,0,0,1,-23.46143954,-46.48885316,SPRF-SP,DEL01-SP,UOP01-DEL01-SP,30/01/2022 09:00:00,9.4,20.3,22.5,93.0,100.0,8.7,1.0
20253,411945,1/30/2022,domingo,9:40:00,SP,381.0,68.0,MAIRIPORA,Chuva,Tombamento,Com Vítimas Feridas,Pleno dia,Decrescente,Chuva,Múltipla,Curva,Não,4,0,2,0,2,0,2,1,-23.34043796,-46.57433588,SPRF-SP,DEL03-SP,UOP01-DEL03-SP,30/01/2022 10:00:00,12.5,20.0,21.2,96.0,100.0,16.1,1.0
20263,411958,1/30/2022,domingo,12:50:00,SP,116.0,345.3,MIRACATU,Chuva,Tombamento,Com Vítimas Feridas,Pleno dia,Decrescente,Chuva,Dupla,Reta,Não,1,0,1,0,0,0,1,1,-24.03551364,-47.18593225,SPRF-SP,DEL04-SP,UOP02-DEL04-SP,30/01/2022 13:00:00,0.5,22.5,25.3,83.0,100.0,5.2,1.0
20288,411994,1/30/2022,domingo,16:20:00,MT,158.0,711.6,BARRA DO GARCAS,Chuva,Saída de leito carroçável,Com Vítimas Feridas,Pleno dia,Crescente,Chuva,Simples,Reta,Não,2,0,1,0,0,1,1,1,-15.26231599,-52.1842181,SPRF-MT,DEL07-MT,UOP01-DEL07-MT,30/01/2022 16:00:00,0.8,25.9,27.9,76.0,100.0,17.5,1.0
20309,412020,1/30/2022,domingo,19:30:00,RJ,40.0,51.0,PETROPOLIS,Chuva,Saída de leito carroçável,Sem Vítimas,Plena Noite,Crescente,Nublado,Dupla,Reta,Não,1,0,0,0,1,0,0,1,-22.32705315,-43.13253559,SPRF-RJ,DEL06-RJ,UOP01-DEL06-RJ,30/01/2022 20:00:00,0.0,22.7,26.8,92.0,94.0,3.7,0.0
20310,412022,1/30/2022,domingo,19:30:00,RN,406.0,169.0,SAO GONCALO DO AMARANTE,Chuva,Queda de ocupante de veículo,Com Vítimas Feridas,Plena Noite,Decrescente,Chuva,Dupla,Reta,Não,2,0,1,0,1,0,1,1,-5.75570118,-35.30728507,SPRF-RN,DEL02-RN,UOP01-DEL02-RN,30/01/2022 20:00:00,0.1,26.4,28.6,81.0,41.0,22.2,0.0
20322,412039,1/30/2022,domingo,20:20:00,SP,116.0,21.4,LAVRINHAS,Chuva,Saída de leito carroçável,Com Vítimas Feridas,Plena Noite,Crescente,Chuva,Dupla,Curva,Não,4,0,3,0,1,0,3,1,-22.57651319,-44.87315394,SPRF-SP,DEL08-SP,UOP02-DEL08-SP,30/01/2022 20:00:00,0.7,22.0,25.1,90.0,92.0,5.8,0.0
20330,412050,1/30/2022,domingo,20:00:00,MT,174.0,285.0,PONTES E LACERDA,Chuva,Queda de ocupante de veículo,Com Vítimas Feridas,Plena Noite,Decrescente,Chuva,Simples,Reta,Não,2,0,2,0,0,0,2,1,-15.2601158,-59.30416476,SPRF-MT,DEL04-MT,UOP01-DEL04-MT,30/01/2022 20:00:00,1.3,23.5,28.0,100.0,92.0,8.3,0.0
20338,412059,1/30/2022,domingo,22:00:00,RJ,40.0,112.0,DUQUE DE CAXIAS,Chuva,Atropelamento de Pedestre,Com Vítimas Feridas,Plena Noite,Crescente,Chuva,Múltipla,Reta,Não,2,0,0,1,1,0,1,1,-22.7004454,-43.29014851,SPRF-RJ,DEL01-RJ,UOP01-DEL01-RJ,30/01/2022 22:00:00,0.0,24.5,28.8,96.0,100.0,11.0,0.0
20355,412086,1/31/2022,segunda-feira,0:50:00,PR,376.0,657.0,TIJUCAS DO SUL,Chuva,Queda de ocupante de veículo,Com Vítimas Feridas,Plena Noite,Crescente,Garoa/Chuvisco,Dupla,Reta,Não,1,0,1,0,0,0,1,1,-25.85232468,-49.03032776,SPRF-PR,DEL01-PR,UOP04-DEL01-PR,31/01/2022 01:00:00,0.0,17.4,18.7,93.0,100.0,6.4,0.0