,id,data_inversa,dia_semana,horario,uf,br,km,municipio,causa_acidente,tipo_acidente,classificacao_acidente,fase_dia,sentido_via,condicao_metereologica,tipo_pista,tracado_via,uso_solo,pessoas,mortos,feridos_leves,feridos_graves,ilesos,ignorados,feridos,veiculos,latitude,longitude,regional,delegacia,uop,rounded_datetime,rain,temperature_2m,apparent_temperature,relativehumidity_2m,cloudcover,windspeed_10m,is_day
23828,418063,3/1/2022,terça-feira,19:30:00,PR,476.0,340.1,PAULA FREITAS,Chuva,Capotamento,Com Vítimas Feridas,Anoitecer,Crescente,Chuva,Simples,Desvio Temporário,Não,1,0,1,0,0,0,1,1,-26.161716,-50.89196,SPRF-PR,DEL02-PR,UOP03-DEL02-PR,01/03/2022 20:00:00,0.9,22.9,26.4,88.0,95.0,4.8,0.0
23834,418071,3/1/2022,terça-feira,19:40:00,PR,376.0,493.9,PONTA GROSSA,Chuva,Tombamento,Com Vítimas Feridas,Plena Noite,Crescente,Garoa/Chuvisco,Dupla,Curva,Sim,1,0,1,0,0,0,1,1,-25.16001091,-50.12436895,SPRF-PR,DEL03-PR,UOP01-DEL03-PR,01/03/2022 20:00:00,0.2,22.8,27.0,94.0,77.0,3.5,0.0
23975,418286,3/3/2022,quinta-feira,6:30:00,CE,116.0,457.0,BARRO,Chuva,Saída de leito carroçável,Com Vítimas Feridas,Pleno dia,Crescente,Chuva,Simples,Curva,Não,2,0,2,0,0,0,2,1,-7.17879999,-38.78164312,SPRF-CE,DEL05-CE,UOP03-DEL05-CE,03/03/2022 07:00:00,0.0,24.6,27.8,75.0,100.0,4.5,1.0
23996,418316,1/18/2022,terça-feira,16:10:00,MA,135.0,96.0,ITAPECURU MIRIM,Chuva,Capotamento,Com Vítimas Feridas,Pleno dia,Crescente,Chuva,Simples,Reta,Não,1,0,1,0,0,0,1,1,-3.4883741,-44.42705674,SPRF-MA,DEL01-MA,UOP02-DEL01-MA,18/01/2022 16:00:00,1.1,29.8,33.8,65.0,47.0,8.0,1.0
24041,418394,3/3/2022,quinta-feira,15:30:00,BA,242.0,811.0,BARREIRAS,Chuva,Saída de leito carroçável,Com Vítimas Feridas,Pleno dia,Crescente,Garoa/Chuvisco,Simples,Curva,Não,2,0,2,0,0,0,2,1,-12.120994,-45.143726,SPRF-BA,DEL10-BA,UOP01-DEL10-BA,03/03/2022 16:00:00,0.8,27.7,31.0,65.0,60.0,5.4,1.0
24116,418529,3/4/2022,sexta-feira,7:50:00,SE,101.0,24.0,MURIBECA,Chuva,Capotamento,Com Vítimas Feridas,Pleno dia,Crescente,Chuva,Dupla,Reta,Não,2,0,2,0,0,0,2,1,-10.39607118,-36.91721184,SPRF-SE,DEL02-SE,UOP02-DEL02-SE,04/03/2022 08:00:00,0.7,25.3,29.8,84.0,100.0,4.4,1.0
24139,418574,3/4/2022,sexta-feira,14:10:00,AL,104.0,54.8,MURICI,Chuva,Saída de leito carroçável,Com Vítimas Feridas,Pleno dia,Crescente,Chuva,Simples,Curva,Não,2,0,1,0,1,0,1,1,-9.27415995,-35.96520211,SPRF-AL,DEL01-AL,UOP02-DEL01-AL,04/03/2022 14:00:00,2.6,26.6,30.2,74.0,81.0,10.8,1.0
24166,418616,2/20/2022,domingo,21:25:00,MG,381.0,486.0,BETIM,Chuva,Colisão traseira,Com Vítimas Feridas,Plena Noite,Decrescente,Chuva,Dupla,Reta,Sim,2,0,1,0,1,0,1,2,-19.95644414,-44.13611598,SPRF-MG,DEL01-MG,UOP03-DEL01-MG,20/02/2022 21:00:00,0.0,21.0,23.4,87.0,74.0,5.6,0.0
24236,418727,3/5/2022,sábado,9:30:00,PB,101.0,94.0,CONDE,Chuva,Saída de leito carroçável,Sem Vítimas,Pleno dia,Decrescente,Chuva,Dupla,Curva,Não,1,0,0,0,1,0,0,1,-7.21483297,-34.9117521,SPRF-PB,DEL01-PB,UOP02-DEL01-PB,05/03/2022 10:00:00,0.3,27.1,31.4,82.0,100.0,10.7,1.0
24238,418731,3/5/2022,sábado,6:32:00,BA,324.0,619.0,SALVADOR,Chuva,Tombamento,Com Vítimas Feridas,Pleno dia,Crescente,Chuva,Dupla,Reta,Sim,1,0,1,0,0,0,1,1,-12.89820999,-38.45012202,SPRF-BA,DEL01-BA,UOP01-DEL01-BA,05/03/2022 07:00:00,0.6,23.8,28.0,91.0,71.0,6.1,1.0
24263,418765,3/5/2022,sábado,13:30:00,BA,110.0,342.0,ALAGOINHAS,Chuva,Colisão frontal,Com Vítimas Fatais,Pleno dia,Crescente,Chuva,Simples,Curva,Não,6,3,0,1,2,0,1,3,-12.170597,-38.413755,SPRF-BA,DEL01-BA,UOP04-DEL01-BA,05/03/2022 14:00:00,1.2,26.0,29.4,77.0,100.0,8.9,1.0
24283,418793,3/5/2022,sábado,16:25:00,SP,116.0,290.0,ITAPECERICA DA SERRA,Chuva,Saída de leito carroçável,Com Vítimas Feridas,Pleno dia,Decrescente,Chuva,Dupla,Curva,Não,5,0,5,0,0,0,5,1,-23.7303281,-46.89425963,SPRF-SP,DEL04-SP,UOP01-DEL04-SP,05/03/2022 16:00:00,1.6,25.5,28.6,75.0,16.0,7.8,1.0
24306,418826,3/5/2022,sábado,19:00:00,RS,116.0,250.0,SAO LEOPOLDO,Chuva,Tombamento,Com Vítimas Feridas,Anoitecer,Decrescente,Chuva,Dupla,Reta,Sim,1,0,1,0,0,0,1,1,-29.79148798,-51.16399615,SPRF-RS,DEL01-RS,UOP02-DEL01-RS,05/03/2022 19:00:00,0.0,30.1,34.4,63.0,59.0,6.1,0.0
24452,419040,3/6/2022,domingo,20:45:00,PE,101.0,64.2,RECIFE,Chuva,Colisão traseira,Com Vítimas Feridas,Plena Noite,Decrescente,Chuva,Dupla,Reta,Não,4,0,2,0,2,0,2,2,-8.0162921,-34.94045886,SPRF-PE,DEL01-PE,UOP01-DEL01-PE,06/03/2022 21:00:00,0.0,26.1,29.1,78.0,44.0,13.0,0.0
24453,419041,3/6/2022,domingo,19:40:00,SC,101.0,258.0,PAULO LOPES,Chuva,Saída de leito carroçável,Sem Vítimas,Plena Noite,Decrescente,Chuva,Dupla,Curva,Não,1,0,0,0,1,0,0,1,-28.00482282,-48.69190437,SPRF-SC,DEL02-SC,UOP03-DEL02-SC,06/03/2022 20:00:00,0.0,25.6,29.5,93.0,54.0,15.8,0.0
24479,419079,3/6/2022,domingo,19:40:00,SE,101.0,122.4,ITAPORANGA DAJUDA,Chuva,Queda de ocupante de veículo,Sem Vítimas,Plena Noite,Crescente,Chuva,Dupla,Reta,Não,1,0,0,0,0,1,0,1,-11.03482886,-37.35698898,SPRF-SE,DEL02-SE,UOP01-DEL02-SE,06/03/2022 20:00:00,0.1,25.6,27.9,80.0,41.0,17.3,0.0
24604,419257,3/7/2022,segunda-feira,20:30:00,RS,285.0,348.4,CARAZINHO,Chuva,Saída de leito carroçável,Com Vítimas Feridas,Plena Noite,Crescente,Chuva,Simples,Curva,Não,1,0,1,0,0,0,1,1,-28.332596,-52.866474,SPRF-RS,DEL08-RS,UOP03-DEL08-RS,07/03/2022 21:00:00,3.2,22.5,24.3,92.0,100.0,18.4,0.0
24745,419501,3/9/2022,quarta-feira,5:30:00,BA,101.0,562.0,ARATACA,Chuva,Saída de leito carroçável,Com Vítimas Feridas,Amanhecer,Crescente,Chuva,Simples,Curva,Não,3,0,1,0,2,0,1,1,-15.19532742,-39.44263458,SPRF-BA,DEL05-BA,UOP02-DEL05-BA,09/03/2022 06:00:00,0.1,22.1,25.9,96.0,100.0,5.4,1.0
24833,419639,3/10/2022,quinta-feira,5:40:00,RS,116.0,614.3,ARROIO GRANDE,Chuva,Colisão traseira,Com Vítimas Feridas,Amanhecer,Crescente,Chuva,Simples,Reta,Não,2,0,1,0,1,0,1,2,-32.26517521,-53.0912018,SPRF-RS,DEL07-RS,UOP03-DEL07-RS,10/03/2022 06:00:00,4.1,21.6,25.6,97.0,91.0,2.1,0.0
24851,419672,3/10/2022,quinta-feira,5:20:00,CE,222.0,62.5,SAO GONCALO DO AMARANTE,Chuva,Saída de leito carroçável,Com Vítimas Feridas,Amanhecer,Decrescente,Chuva,Simples,Reta,Não,2,0,1,1,0,0,2,1,-3.67147075,-39.09840501,SPRF-CE,DEL01-CE,UOP03-DEL01-CE,10/03/2022 05:00:00,0.1,24.6,29.4,92.0,67.0,5.9,0.0
24856,419680,3/10/2022,quinta-feira,9:55:00,SE,101.0,106.9,SAO CRISTOVAO,Chuva,Colisão com objeto,Sem Vítimas,Pleno dia,Crescente,Nublado,Dupla,Reta,Não,2,0,0,0,2,0,0,1,-10.95841469,-37.24489601,SPRF-SE,DEL02-SE,UOP01-DEL02-SE,10/03/2022 10:00:00,0.1,26.6,29.9,82.0,50.0,15.9,1.0
24991,419903,3/11/2022,sexta-feira,14:00:00,SP,116.0,37.8,CACHOEIRA PAULISTA,Chuva,Colisão com objeto,Com Vítimas Feridas,Pleno dia,Decrescente,Chuva,Dupla,Curva,Sim,3,0,1,0,2,0,1,3,-22.66497021,-44.98430985,SPRF-SP,DEL08-SP,UOP02-DEL08-SP,11/03/2022 14:00:00,0.7,30.5,33.7,46.0,35.0,5.8,1.0
25039,419974,3/11/2022,sexta-feira,18:00:00,SC,101.0,381.1,ICARA,Chuva,Saída de leito carroçável,Sem Vítimas,Pleno dia,Crescente,Chuva,Dupla,Reta,Sim,1,0,0,0,0,1,0,1,-28.75478409,-49.27732095,SPRF-SC,DEL02-SC,UOP02-DEL02-SC,11/03/2022 18:00:00,1.5,21.4,21.8,93.0,100.0,24.3,1.0
25054,419999,3/11/2022,sexta-feira,21:00:00,PR,116.0,7.0,CAMPINA GRANDE DO SUL,Chuva,Colisão lateral mesmo sentido,Com Vítimas Feridas,Plena Noite,Crescente,Chuva,Dupla,Não Informado,Não,3,0,3,0,0,0,3,2,-25.08235366,-48.61499799,SPRF-PR,DEL01-PR,UOP02-DEL01-PR,11/03/2022 21:00:00,1.7,22.7,27.1,96.0,100.0,3.7,0.0
25065,420013,3/12/2022,sábado,0:10:00,MS,163.0,384.0,NOVA ALVORADA DO SUL,Chuva,Saída de leito carroçável,Com Vítimas Feridas,Plena Noite,Crescente,Chuva,Simples,Reta,Não,1,0,0,1,0,0,1,1,-21.30668005,-54.43246116,SPRF-MS,DEL02-MS,UOP01-DEL02-MS,12/03/2022 00:00:00,0.0,22.7,27.3,94.0,71.0,1.1,0.0
25075,420027,3/11/2022,sexta-feira,20:05:00,SC,101.0,199.0,SAO JOSE,Chuva,Saída de leito carroçável,Com Vítimas Feridas,Plena Noite,Crescente,Chuva,Dupla,Reta,Sim,1,0,1,0,0,0,1,1,-27.53413705,-48.63003205,SPRF-SC,DEL01-SC,UOP01-DEL01-SC,11/03/2022 20:00:00,5.9,22.6,25.2,89.0,100.0,10.9,0.0
25086,420048,3/12/2022,sábado,4:30:00,SP,381.0,38.0,ATIBAIA,Chuva,Colisão traseira,Sem Vítimas,Plena Noite,Decrescente,Chuva,Dupla,Reta,Sim,2,0,0,0,0,2,0,2,-23.1133221,-46.57174974,SPRF-SP,DEL03-SP,UOP01-DEL03-SP,12/03/2022 05:00:00,0.2,20.6,23.5,98.0,80.0,8.4,0.0
25109,420092,3/12/2022,sábado,9:30:00,PR,116.0,7.0,CAMPINA GRANDE DO SUL,Chuva,Colisão com objeto,Com Vítimas Feridas,Pleno dia,Crescente,Garoa/Chuvisco,Dupla,Curva,Não,1,0,1,0,0,0,1,1,-25.08269747,-48.61213088,SPRF-PR,DEL01-PR,UOP02-DEL01-PR,12/03/2022 10:00:00,0.2,19.4,21.5,92.0,100.0,5.6,1.0
25153,420160,3/12/2022,sábado,16:00:00,GO,60.0,126.0,GOIANAPOLIS,Chuva,Colisão com objeto,Com Vítimas Feridas,Pleno dia,Crescente,Chuva,Dupla,Curva,Não,1,0,0,1,0,0,1,1,-16.5324,-49.1473,SPRF-GO,DEL01-GO,UOP01-DEL01-GO,12/03/2022 16:00:00,0.2,25.0,28.8,80.0,48.0,4.5,1.0
25159,420171,3/12/2022,sábado,16:20:00,GO,153.0,551.0,PIRACANJUBA,Chuva,Saída de leito carroçável,Com Vítimas Feridas,Pleno dia,Crescente,Chuva,Dupla,Reta,Não,2,0,2,0,0,0,2,1,-17.15,-49.2155,SPRF-GO,DEL01-GO,UOP03-DEL01-GO,12/03/2022 16:00:00,0.0,27.5,31.1,66.0,47.0,4.5,1.0
25233,420261,3/13/2022,domingo,1:00:00,PB,104.0,115.3,LAGOA SECA,Chuva,Colisão frontal,Com Vítimas Feridas,Plena Noite,Decrescente,Chuva,Simples,Reta,Não,3,0,3,0,0,0,3,2,-7.172018,-35.85983397,SPRF-PB,DEL02-PB,UOP04-DEL02-PB,13/03/2022 01:00:00,0.0,21.6,23.7,91.0,93.0,12.0,0.0
25252,420283,3/13/2022,domingo,7:50:00,PR,277.0,34.0,MORRETES,Chuva,Colisão com objeto,Com Vítimas Feridas,Pleno dia,Crescente,Chuva,Dupla,Curva,Não,1,0,1,0,0,0,1,1,-25.57124648,-48.81603241,SPRF-PR,DEL01-PR,UOP05-DEL01-PR,13/03/2022 08:00:00,0.1,20.6,22.7,90.0,100.0,8.4,1.0
25264,420297,3/13/2022,domingo,8:45:00,SC,282.0,6.0,SAO JOSE,Chuva,Tombamento,Com Vítimas Feridas,Pleno dia,Crescente,Chuva,Dupla,Curva,Sim,1,0,1,0,0,0,1,1,-27.591936,-48.618244,SPRF-SC,DEL01-SC,UOP01-DEL01-SC,13/03/2022 09:00:00,0.7,22.2,24.9,84.0,100.0,5.4,1.0
25300,420351,3/13/2022,domingo,14:34:00,SC,470.0,96.0,APIUNA,Chuva,Saída de leito carroçável,Com Vítimas Feridas,Pleno dia,Crescente,Chuva,Simples,Curva,Não,1,0,1,0,0,0,1,1,-27.020767,-49.371342,SPRF-SC,DEL04-SC,UOP01-DEL04-SC,13/03/2022 15:00:00,0.5,22.4,25.5,86.0,100.0,4.3,1.0
25302,420353,3/13/2022,domingo,12:45:00,AL,101.0,174.2,TEOTONIO VILELA,Chuva,Tombamento,Com Vítimas Feridas,Pleno dia,Decrescente,Chuva,Simples,Reta,Sim,1,0,0,1,0,0,1,1,-9.90270371,-36.35878384,SPRF-AL,DEL02-AL,UOP02-DEL02-AL,13/03/2022 13:00:00,0.0,31.2,36.3,60.0,75.0,12.2,1.0
25402,420489,3/13/2022,domingo,19:00:00,RJ,116.0,108.0,GUAPIMIRIM,Chuva,Saída de leito carroçável,Sem Vítimas,Anoitecer,Decrescente,Chuva,Dupla,Reta,Sim,1,0,0,0,0,1,0,1,-22.535843,-42.99125,SPRF-RJ,DEL04-RJ,UOP01-DEL04-RJ,13/03/2022 19:00:00,0.0,28.2,34.1,79.0,18.0,2.8,0.0
25452,420576,3/14/2022,segunda-feira,10:00:00,PR,277.0,139.0,BALSA NOVA,Chuva,Saída de leito carroçável,Sem Vítimas,Pleno dia,Crescente,Chuva,Dupla,Curva,Não,1,0,0,0,1,0,0,1,-25.47370158,-49.72289801,SPRF-PR,DEL01-PR,UOP03-DEL03-PR,14/03/2022 10:00:00,0.0,19.5,21.6,87.0,100.0,3.5,1.0
25462,420593,3/14/2022,segunda-feira,12:50:00,SP,116.0,3.0,GUARULHOS,Chuva,Tombamento,Com Vítimas Feridas,Pleno dia,Crescente,Garoa/Chuvisco,Simples,Curva,Não,1,0,1,0,0,0,1,1,-23.423071,-46.484586,SPRF-SP,DEL01-SP,UOP01-DEL01-SP,14/03/2022 13:00:00,0.1,27.1,29.7,62.0,62.0,7.3,1.0
25467,420600,3/14/2022,segunda-feira,14:30:00,SP,116.0,363.0,MIRACATU,Chuva,Saída de leito carroçável,Com Vítimas Feridas,Pleno dia,Crescente,Chuva,Dupla,Curva,Não,2,0,1,0,1,0,1,1,-24.13038097,-47.27114281,SPRF-SP,DEL04-SP,UOP02-DEL04-SP,14/03/2022 15:00:00,2.1,24.1,27.6,93.0,100.0,13.4,1.0
25468,420601,3/14/2022,segunda-feira,14:55:00,DF,20.0,17.0,BRASILIA,Chuva,Capotamento,Com Vítimas Feridas,Pleno dia,Crescente,Chuva,Dupla,Reta,Sim,1,0,1,0,0,0,1,1,-15.621374,-47.71698,SPRF-DF,DEL02-DF,UOP01-DEL02-DF,14/03/2022 15:00:00,0.2,26.0,28.0,63.0,50.0,7.7,1.0
25474,420608,3/14/2022,segunda-feira,14:45:00,MG,381.0,885.5,ESTIVA,Chuva,Saída de leito carroçável,Com Vítimas Feridas,Pleno dia,Crescente,Chuva,Dupla,Curva,Não,1,0,0,1,0,0,1,1,-22.54388201,-46.03875199,SPRF-MG,DEL16-MG,UOP03-DEL16-MG,14/03/2022 15:00:00,0.1,24.6,27.3,74.0,62.0,6.9,1.0
25500,420649,3/14/2022,segunda-feira,17:30:00,PR,277.0,31.0,MORRETES,Chuva,Colisão com objeto,Com Vítimas Feridas,Pleno dia,Decrescente,Garoa/Chuvisco,Dupla,Curva,Não,1,0,1,0,0,0,1,1,-25.52874613,-48.73512603,SPRF-PR,DEL01-PR,UOP05-DEL01-PR,14/03/2022 18:00:00,0.1,23.0,25.9,86.0,100.0,9.1,1.0
25566,420773,3/15/2022,terça-feira,11:00:00,TO,153.0,510.0,PARAISO DO TOCANTINS,Chuva,Saída de leito carroçável,Com Vítimas Feridas,Pleno dia,Crescente,Chuva,Simples,Reta,Não,4,0,2,0,2,0,2,1,-10.29038403,-48.8830938,SPRF-TO,DEL01-TO,UOP01-DEL01-TO,15/03/2022 11:00:00,0.6,24.4,28.8,86.0,100.0,3.4,1.0
25688,420983,3/16/2022,quarta-feira,13:30:00,RR,174.0,374.0,CARACARAI,Chuva,Saída de leito carroçável,Com Vítimas Feridas,Pleno dia,Decrescente,Chuva,Simples,Curva,Não,3,0,3,0,0,0,3,1,1.881578,-61.115143,SPRF-RR,,UOP01-DEL01-RR,16/03/2022 14:00:00,0.2,28.3,34.8,79.0,39.0,4.6,1.0
25854,421287,3/16/2022,quarta-feira,14:30:00,GO,60.0,192.0,GUAPO,Chuva,Saída de leito carroçável,Sem Vítimas,Pleno dia,Crescente,Chuva,Dupla,Curva,Não,1,0,0,0,1,0,0,1,-16.8429,-49.5503,SPRF-GO,DEL01-GO,UOP02-DEL01-GO,16/03/2022 15:00:00,2.2,25.2,28.7,78.0,82.0,6.3,1.0
25955,421449,3/19/2022,sábado,4:20:00,PI,343.0,316.5,ALTOS,Chuva,Saída de leito carroçável,Com Vítimas Feridas,Plena Noite,Crescente,Chuva,Simples,Desvio Temporário,Não,1,0,0,1,0,0,1,1,-5.046231,-42.535843,SPRF-PI,DEL01-PI,UOP01-DEL01-PI,19/03/2022 04:00:00,0.0,22.1,25.8,99.0,100.0,7.4,0.0
26047,421597,3/19/2022,sábado,17:40:00,MT,174.0,126.0,MIRASSOL DOESTE,Chuva,Saída de leito carroçável,Sem Vítimas,Anoitecer,Decrescente,Chuva,Simples,Curva,Não,2,0,0,0,2,0,0,1,-15.82018805,-58.09111118,SPRF-MT,DEL03-MT,UOP01-DEL03-MT,19/03/2022 18:00:00,0.1,27.4,31.4,73.0,70.0,6.9,1.0
26049,421600,3/19/2022,sábado,12:30:00,SP,116.0,564.0,BARRA DO TURVO,Chuva,Colisão com objeto,Com Vítimas Feridas,Pleno dia,Decrescente,Garoa/Chuvisco,Simples,Reta,Não,4,0,1,0,3,0,1,1,-25.03458919,-48.53543877,SPRF-SP,DEL05-SP,UOP02-DEL05-SP,19/03/2022 13:00:00,2.8,25.5,31.0,85.0,78.0,3.7,1.0
26149,421735,1/13/2022,quinta-feira,0:05:00,MA,316.0,461.3,CODO,Chuva,Atropelamento de Pedestre,Com Vítimas Fatais,Plena Noite,Crescente,Chuva,Simples,Reta,Não,2,1,0,0,0,1,0,1,-4.522758,-44.049385,SPRF-MA,DEL03-MA,UOP01-DEL03-MA,13/01/2022 00:00:00,0.0,22.8,27.6,99.0,69.0,2.9,0.0
26169,421765,3/20/2022,domingo,15:50:00,PR,116.0,92.0,SAO JOSE DOS PINHAIS,Chuva,Colisão com objeto,Sem Vítimas,Pleno dia,Decrescente,Chuva,Dupla,Reta,Não,2,0,0,0,2,0,0,1,-25.47691403,-49.09767498,SPRF-PR,DEL01-PR,UOP01-DEL01-PR,20/03/2022 16:00:00,0.0,17.3,17.4,91.0,100.0,13.2,1.0
26186,421785,3/20/2022,domingo,18:30:00,ES,262.0,181.0,IBATIBA,Chuva,Atropelamento de Pedestre,Com Vítimas Feridas,Plena Noite,Crescente,Chuva,Dupla,Reta,Não,2,0,0,1,1,0,1,1,-20.29284223,-41.67918787,SPRF-ES,DEL01-ES,UOP02-DEL01-ES,20/03/2022 19:00:00,0.0,25.3,26.0,52.0,52.0,6.1,0.0
26273,421907,3/21/2022,segunda-feira,9:20:00,RJ,116.0,183.0,NOVA IGUACU,Chuva,Colisão traseira,Com Vítimas Feridas,Pleno dia,Decrescente,Chuva,Dupla,Reta,Sim,2,0,1,0,1,0,1,2,-22.7516014,-43.43849831,SPRF-RJ,DEL01-RJ,UOP02-DEL01-RJ,21/03/2022 09:00:00,0.1,22.9,23.7,81.0,71.0,19.4,1.0
26319,421986,3/21/2022,segunda-feira,18:50:00,SC,101.0,146.0,ITAPEMA,Chuva,Queda de ocupante de veículo,Com Vítimas Feridas,Plena Noite,Crescente,Chuva,Dupla,Reta,Sim,1,0,1,0,0,0,1,1,-27.08666525,-48.60955587,SPRF-SC,DEL04-SC,UOP03-DEL04-SC,21/03/2022 19:00:00,0.9,21.3,21.3,85.0,100.0,22.2,0.0
26370,422092,3/21/2022,segunda-feira,11:00:00,PE,232.0,25.0,MORENO,Chuva,Saída de leito carroçável,Sem Vítimas,Pleno dia,Decrescente,Chuva,Dupla,Curva,Não,4,0,0,0,4,0,0,1,-8.11191765,-35.10836516,SPRF-PE,DEL01-PE,UOP01-DEL01-PE,21/03/2022 11:00:00,1.0,26.1,29.4,79.0,91.0,12.2,1.0
26378,422101,3/21/2022,segunda-feira,19:30:00,PE,,,ESCADA,Chuva,Colisão com objeto,Sem Vítimas,Plena Noite,Não Informado,Chuva,Simples,Curva,Não,2,0,0,0,2,0,0,1,-8.419043,-35.273821,SPRF-PE,DEL01-PE,UOP03-DEL01-PE,21/03/2022 20:00:00,0.1,23.9,28.4,94.0,91.0,5.7,0.0
26431,422187,3/22/2022,terça-feira,20:30:00,PE,116.0,36.0,SALGUEIRO,Chuva,Saída de leito carroçável,Com Vítimas Feridas,Plena Noite,Decrescente,Chuva,Simples,Desvio Temporário,Não,1,0,1,0,0,0,1,1,-8.153542,-39.109219,SPRF-PE,DEL05-PE,UOP01-DEL05-PE,22/03/2022 21:00:00,0.0,24.9,27.3,79.0,92.0,13.6,0.0
26442,422209,3/14/2022,segunda-feira,12:40:00,PE,232.0,128.0,CARUARU,Chuva,Colisão traseira,Sem Vítimas,Pleno dia,Decrescente,Chuva,Simples,Reta,Sim,3,0,0,0,3,0,0,2,-8.30399306,-35.97216301,SPRF-PE,DEL02-PE,UOP03-DEL02-PE,14/03/2022 13:00:00,0.0,29.0,33.0,61.0,71.0,12.1,1.0
26455,422229,3/23/2022,quarta-feira,6:45:00,MG,116.0,268.8,TEOFILO OTONI,Chuva,Queda de ocupante de veículo,Com Vítimas Feridas,Pleno dia,Crescente,Garoa/Chuvisco,Simples,Curva,Não,1,0,0,1,0,0,1,1,-17.78709397,-41.49977395,SPRF-MG,DEL11-MG,UOP01-DEL11-MG,23/03/2022 07:00:00,0.6,19.4,21.4,95.0,100.0,7.9,1.0
26532,422374,3/24/2022,quinta-feira,3:30:00,ES,101.0,333.7,GUARAPARI,Chuva,Saída de leito carroçável,Com Vítimas Feridas,Plena Noite,Crescente,Garoa/Chuvisco,Dupla,Reta,Não,1,0,0,1,0,0,1,1,-20.61464111,-40.51385389,SPRF-ES,DEL03-ES,UOP01-DEL03-ES,24/03/2022 04:00:00,0.0,22.4,26.8,96.0,56.0,2.1,0.0
26541,422384,2/4/2022,sexta-feira,18:20:00,ES,259.0,65.5,COLATINA,Chuva,Colisão frontal,Com Vítimas Feridas,Plena Noite,Crescente,Chuva,Simples,Reta,Não,3,0,0,2,1,0,2,2,-19.51944313,-40.71585905,SPRF-ES,DEL02-ES,UOP01-DEL02-ES,04/02/2022 18:00:00,0.0,28.3,31.3,66.0,77.0,10.6,1.0
26554,422403,3/24/2022,quinta-feira,7:20:00,SC,282.0,250.0,LAGES,Chuva,Colisão frontal,Com Vítimas Feridas,Amanhecer,Decrescente,Chuva,Simples,Reta,Não,3,0,2,1,0,0,3,2,-27.697491,-50.543484,SPRF-SC,DEL05-SC,UOP02-DEL05-SC,24/03/2022 07:00:00,0.8,18.1,18.8,96.0,100.0,13.4,1.0
26576,422444,3/24/2022,quinta-feira,12:30:00,RN,427.0,5.8,CURRAIS NOVOS,Chuva,Saída de leito carroçável,Com Vítimas Feridas,Pleno dia,Decrescente,Chuva,Simples,Curva,Não,2,0,2,0,0,0,2,1,-6.3302622,-36.55119985,SPRF-RN,DEL03-RN,UOP02-DEL03-RN,24/03/2022 13:00:00,0.0,30.9,35.4,57.0,100.0,14.0,1.0
26581,422454,3/24/2022,quinta-feira,11:55:00,PR,277.0,712.0,SANTA TEREZINHA DE ITAIPU,Chuva,Saída de leito carroçável,Com Vítimas Feridas,Pleno dia,Decrescente,Chuva,Dupla,Reta,Não,1,0,1,0,0,0,1,1,-25.45780735,-54.43119986,SPRF-PR,DEL05-PR,UOP01-DEL05-PR,24/03/2022 12:00:00,5.6,24.8,28.7,90.0,90.0,11.2,1.0
26612,422504,3/24/2022,quinta-feira,19:30:00,PR,376.0,247.0,APUCARANA,Chuva,Saída de leito carroçável,Com Vítimas Feridas,Plena Noite,Crescente,Chuva,Dupla,Curva,Sim,3,0,2,0,1,0,2,1,-23.59484323,-51.41143441,SPRF-PR,DEL07-PR,UOP02-DEL07-PR,24/03/2022 20:00:00,1.7,20.9,24.0,98.0,100.0,7.1,0.0
26688,422618,3/25/2022,sexta-feira,8:20:00,PR,376.0,432.0,TIBAGI,Chuva,Saída de leito carroçável,Com Vítimas Feridas,Pleno dia,Crescente,Chuva,Dupla,Curva,Não,3,0,2,1,0,0,3,1,-24.80531402,-50.48850813,SPRF-PR,DEL03-PR,UOP02-DEL03-PR,25/03/2022 08:00:00,1.1,18.5,20.0,99.0,100.0,11.1,1.0
26759,422727,3/25/2022,sexta-feira,16:00:00,MT,70.0,678.0,CACERES,Chuva,Saída de leito carroçável,Com Vítimas Feridas,Pleno dia,Crescente,Chuva,Simples,Curva,Não,4,0,3,0,1,0,3,1,-16.10847199,-57.29971702,SPRF-MT,DEL03-MT,UOP02-DEL03-MT,25/03/2022 16:00:00,0.9,28.5,32.6,73.0,67.0,9.9,1.0
26824,422813,3/26/2022,sábado,10:25:00,PB,101.0,96.5,ALHANDRA,Chuva,Tombamento,Com Vítimas Feridas,Pleno dia,Crescente,Chuva,Dupla,Curva,Não,2,0,2,0,0,0,2,1,-7.230921,-34.921149,SPRF-PB,DEL01-PB,UOP02-DEL01-PB,26/03/2022 10:00:00,1.7,26.5,30.5,82.0,78.0,11.1,1.0
26853,422861,3/26/2022,sábado,15:10:00,MG,381.0,929.0,ITAPEVA,Chuva,Saída de leito carroçável,Sem Vítimas,Pleno dia,Crescente,Garoa/Chuvisco,Dupla,Curva,Não,1,0,0,0,1,0,0,1,-22.79911462,-46.26123692,SPRF-MG,DEL16-MG,UOP03-DEL16-MG,26/03/2022 15:00:00,0.1,23.8,26.3,81.0,65.0,10.9,1.0