,id,data_inversa,dia_semana,horario,uf,br,km,municipio,causa_acidente,tipo_acidente,classificacao_acidente,fase_dia,sentido_via,condicao_metereologica,tipo_pista,tracado_via,uso_solo,pessoas,mortos,feridos_leves,feridos_graves,ilesos,ignorados,feridos,veiculos,latitude,longitude,regional,delegacia,uop,rounded_datetime,rain,temperature_2m,apparent_temperature,relativehumidity_2m,cloudcover,windspeed_10m,is_day
40781,461092,6/24/2022,sexta-feira,2:00:00,BA,101.0,493.0,ITAJUIPE,Chuva,Capotamento,Com Vítimas Feridas,Plena Noite,Crescente,Chuva,Simples,Reta,Não,1,0,1,0,0,0,1,1,-14.71499,-39.35656,SPRF-BA,DEL05-BA,UOP01-DEL05-BA,24/06/2022 02:00:00,0.1,20.2,23.2,97.0,35.0,4.7,0.0
40870,461254,7/12/2022,terça-feira,9:35:00,PR,376.0,652.0,TIJUCAS DO SUL,Chuva,Saída de leito carroçável,Com Vítimas Feridas,Pleno dia,Crescente,Chuva,Dupla,Curva,Não,4,0,1,0,3,0,1,1,-25.84234621,-49.05672312,SPRF-PR,DEL01-PR,UOP04-DEL01-PR,12/07/2022 10:00:00,0.0,19.1,17.5,67.0,24.0,16.9,1.0
40876,461264,7/12/2022,terça-feira,11:50:00,PR,116.0,17.0,CAMPINA GRANDE DO SUL,Chuva,Capotamento,Sem Vítimas,Pleno dia,Crescente,Chuva,Dupla,Curva,Não,1,0,0,0,1,0,0,1,-25.10305915,-48.70103892,SPRF-PR,DEL01-PR,UOP02-DEL01-PR,12/07/2022 12:00:00,0.0,22.9,21.9,52.0,10.0,13.1,1.0
41014,461484,7/13/2022,quarta-feira,16:10:00,RJ,40.0,86.5,PETROPOLIS,Chuva,Saída de leito carroçável,Com Vítimas Feridas,Anoitecer,Decrescente,Chuva,Simples,Curva,Não,1,0,1,0,0,0,1,1,-22.54413793,-43.23287799,SPRF-RJ,DEL06-RJ,UOP02-DEL06-RJ,13/07/2022 16:00:00,0.0,20.3,21.0,76.0,64.0,9.4,1.0
41109,461644,7/14/2022,quinta-feira,13:40:00,SC,282.0,64.6,RANCHO QUEIMADO,Chuva,Tombamento,Com Vítimas Feridas,Pleno dia,Crescente,Chuva,Simples,Curva,Não,1,0,1,0,0,0,1,1,-27.696323,-49.052456,SPRF-SC,DEL01-SC,UOP03-DEL01-SC,14/07/2022 14:00:00,0.3,13.5,12.7,99.0,100.0,12.6,1.0
41171,461740,5/27/2022,sexta-feira,16:07:00,ES,101.0,291.0,CARIACICA,Chuva,Colisão com objeto,Com Vítimas Feridas,Pleno dia,Crescente,Chuva,Dupla,Desvio Temporário,Sim,3,0,2,0,0,1,2,1,-20.29755744,-40.39445616,SPRF-ES,DEL01-ES,UOP01-DEL01-ES,27/05/2022 16:00:00,0.2,21.7,24.0,81.0,100.0,5.5,1.0
41173,461743,7/15/2022,sexta-feira,6:00:00,SC,101.0,224.0,PALHOCA,Chuva,Tombamento,Com Vítimas Feridas,Amanhecer,Decrescente,Nublado,Múltipla,Reta,Não,1,0,1,0,0,0,1,1,-27.72384789,-48.64386769,SPRF-SC,DEL01-SC,UOP02-DEL01-SC,15/07/2022 06:00:00,0.0,18.3,20.3,99.0,100.0,6.9,0.0
41336,462016,7/16/2022,sábado,11:15:00,RS,285.0,518.8,VITORIA DAS MISSOES,Chuva,Saída de leito carroçável,Com Vítimas Feridas,Pleno dia,Crescente,Chuva,Simples,Reta,Não,2,0,0,1,0,1,1,1,-28.399614,-54.473412,SPRF-RS,DEL10-RS,UOP01-DEL10-RS,16/07/2022 11:00:00,0.9,20.5,19.9,83.0,100.0,23.2,1.0
41458,462168,7/17/2022,domingo,8:30:00,PR,116.0,65.0,CAMPINA GRANDE DO SUL,Chuva,Saída de leito carroçável,Com Vítimas Feridas,Pleno dia,Crescente,Chuva,Dupla,Curva,Não,5,0,2,0,3,0,2,1,-25.31031746,-49.00207969,SPRF-PR,DEL01-PR,UOP02-DEL01-PR,17/07/2022 09:00:00,0.0,18.0,18.7,78.0,77.0,4.7,1.0
41663,462447,7/18/2022,segunda-feira,16:30:00,PR,116.0,9.0,CAMPINA GRANDE DO SUL,Chuva,Queda de ocupante de veículo,Com Vítimas Feridas,Pleno dia,Crescente,Chuva,Dupla,Reta,Não,1,0,0,1,0,0,1,1,-25.3708,-49.1246,SPRF-PR,DEL01-PR,UOP02-DEL01-PR,18/07/2022 17:00:00,0.2,15.1,15.1,90.0,100.0,7.1,1.0
41698,462501,7/18/2022,segunda-feira,18:52:00,SP,116.0,449.0,REGISTRO,Chuva,Queda de ocupante de veículo,Com Vítimas Feridas,Plena Noite,Decrescente,Chuva,Dupla,Reta,Não,1,0,1,0,0,0,1,1,-24.52913591,-47.85619324,SPRF-SP,DEL05-SP,UOP01-DEL05-SP,18/07/2022 19:00:00,1.0,17.6,19.3,100.0,100.0,6.6,0.0
41869,462844,7/20/2022,quarta-feira,17:50:00,PB,230.0,23.0,JOAO PESSOA,Chuva,Tombamento,Com Vítimas Feridas,Plena Noite,Decrescente,Chuva,Dupla,Reta,Não,1,0,0,1,0,0,1,1,-7.1562,-34.8574,SPRF-PB,DEL01-PB,UOP01-DEL01-PB,20/07/2022 18:00:00,0.1,23.4,25.0,86.0,100.0,18.9,0.0
41905,462924,7/21/2022,quinta-feira,5:45:00,RN,406.0,157.0,CEARA-MIRIM,Chuva,Colisão traseira,Com Vítimas Feridas,Pleno dia,Decrescente,Chuva,Simples,Reta,Não,2,0,1,0,1,0,1,2,-5.69226503,-35.38879603,SPRF-RN,DEL02-RN,UOP01-DEL02-RN,21/07/2022 06:00:00,0.1,22.0,25.0,93.0,100.0,9.6,1.0
41907,462927,7/21/2022,quinta-feira,6:05:00,RJ,101.0,203.0,CASIMIRO DE ABREU,Chuva,Queda de ocupante de veículo,Com Vítimas Feridas,Amanhecer,Crescente,Chuva,Dupla,Reta,Não,1,0,0,1,0,0,1,1,-22.47557761,-42.17219006,SPRF-RJ,DEL08-RJ,UOP04-DEL08-RJ,21/07/2022 06:00:00,0.1,18.7,20.9,94.0,91.0,3.9,0.0
41940,462992,7/21/2022,quinta-feira,10:40:00,PB,230.0,115.0,INGA,Chuva,Saída de leito carroçável,Com Vítimas Feridas,Pleno dia,Crescente,Chuva,Dupla,Desvio Temporário,Não,1,0,1,0,0,0,1,1,-7.2296,-35.5998,SPRF-PB,DEL01-PB,UOP03-DEL01-PB,21/07/2022 11:00:00,0.1,24.3,27.7,84.0,100.0,8.3,1.0
42012,463092,7/21/2022,quinta-feira,22:35:00,AL,104.0,86.0,RIO LARGO,Chuva,Saída de leito carroçável,Com Vítimas Feridas,Plena Noite,Decrescente,Chuva,Dupla,Reta,Não,5,0,3,1,1,0,4,1,-9.46691715,-35.82504135,SPRF-AL,DEL01-AL,UOP01-DEL01-AL,21/07/2022 23:00:00,0.2,21.8,24.0,87.0,95.0,9.8,0.0
42616,463954,6/27/2022,segunda-feira,8:30:00,AL,101.0,53.0,FLEXEIRAS,Chuva,Queda de ocupante de veículo,Com Vítimas Feridas,Pleno dia,Decrescente,Chuva,Dupla,Curva,Não,1,0,0,1,0,0,1,1,-9.24853718,-35.76615286,SPRF-AL,DEL01-AL,UOP02-DEL01-AL,27/06/2022 09:00:00,0.2,23.5,25.5,84.0,94.0,14.9,1.0
42855,464346,7/27/2022,quarta-feira,18:25:00,SE,235.0,9.6,NOSSA SENHORA DO SOCORRO,Chuva,Queda de ocupante de veículo,Com Vítimas Feridas,Plena Noite,Decrescente,Chuva,Simples,Reta,Não,1,0,0,1,0,0,1,1,-10.883585,-37.13908,SPRF-SE,DEL01-SE,UOP01-DEL01-SE,27/07/2022 18:00:00,0.1,23.5,25.2,76.0,28.0,11.5,0.0
42982,464557,7/28/2022,quinta-feira,23:50:00,SC,101.0,233.0,PALHOCA,Chuva,Colisão com objeto,Com Vítimas Feridas,Plena Noite,Decrescente,Chuva,Dupla,Não Informado,Não,1,0,0,1,0,0,1,1,-27.80376397,-48.63826211,SPRF-SC,DEL01-SC,UOP02-DEL01-SC,29/07/2022 00:00:00,0.0,19.6,21.1,84.0,82.0,6.6,0.0
42989,464567,7/29/2022,sexta-feira,2:00:00,SC,101.0,191.0,BIGUACU,Chuva,Saída de leito carroçável,Com Vítimas Feridas,Plena Noite,Decrescente,Chuva,Dupla,Curva,Sim,2,0,1,0,1,0,1,1,-27.47730273,-48.64127329,SPRF-SC,DEL01-SC,UOP01-DEL01-SC,29/07/2022 02:00:00,0.1,19.3,19.9,84.0,60.0,11.0,0.0
43119,464761,7/29/2022,sexta-feira,19:05:00,RJ,101.0,312.0,SAO GONCALO,Chuva,Colisão traseira,Com Vítimas Feridas,Plena Noite,Decrescente,Chuva,Dupla,Reta,Sim,1,0,1,0,0,0,1,1,-22.80546555,-43.06156967,SPRF-RJ,DEL02-RJ,UOP02-DEL02-RJ,29/07/2022 19:00:00,2.3,18.7,20.9,93.0,100.0,4.4,0.0
43162,464831,7/30/2022,sábado,8:30:00,RN,101.0,131.0,SAO JOSE DE MIPIBU,Chuva,Capotamento,Sem Vítimas,Pleno dia,Decrescente,Chuva,Dupla,Reta,Não,2,0,0,0,1,1,0,1,-6.12845998,-35.22884476,SPRF-RN,DEL01-RN,UOP01-DEL01-RN,30/07/2022 09:00:00,3.3,23.3,27.4,94.0,100.0,7.5,1.0
43210,464897,7/30/2022,sábado,16:05:00,PB,101.0,113.6,ALHANDRA,Chuva,Saída de leito carroçável,Com Vítimas Feridas,Pleno dia,Decrescente,Chuva,Dupla,Não Informado,Não,2,0,1,0,1,0,1,1,-7.37852293,-34.95673822,SPRF-PB,DEL01-PB,UOP02-DEL01-PB,30/07/2022 16:00:00,8.9,23.3,26.6,94.0,100.0,11.7,1.0
43384,465131,7/31/2022,domingo,18:00:00,PB,230.0,18.8,JOAO PESSOA,Chuva,Colisão com objeto,Sem Vítimas,Anoitecer,Decrescente,Chuva,Dupla,Curva,Sim,1,0,0,0,1,0,0,1,-7.1198,-34.8453,SPRF-PB,DEL01-PB,UOP01-DEL01-PB,31/07/2022 18:00:00,0.1,24.6,25.8,82.0,62.0,23.3,0.0
43485,465275,8/1/2022,segunda-feira,6:24:00,AP,210.0,20.1,MACAPA,Chuva,Colisão traseira,Sem Vítimas,Amanhecer,Decrescente,Chuva,Simples,Curva,Não,7,0,0,0,7,0,0,3,0.197783,-51.11412,SPRF-AP,,UOP01-DEL01-AP,01/08/2022 06:00:00,0.2,24.1,28.2,92.0,48.0,9.0,0.0
44112,466262,8/6/2022,sábado,11:40:00,PR,277.0,716.3,SANTA TEREZINHA DE ITAIPU,Chuva,Saída de leito carroçável,Com Vítimas Feridas,Pleno dia,Crescente,Chuva,Dupla,Reta,Não,4,0,4,0,0,0,4,1,-25.47637493,-54.47651902,SPRF-PR,DEL05-PR,UOP01-DEL05-PR,06/08/2022 12:00:00,1.0,18.1,19.5,84.0,77.0,2.8,1.0
44133,466299,8/6/2022,sábado,14:30:00,PR,476.0,133.0,CURITIBA,Chuva,Tombamento,Com Vítimas Feridas,Pleno dia,Decrescente,Garoa/Chuvisco,Múltipla,Curva,Sim,1,0,1,0,0,0,1,1,-25.469196,-49.253485,SPRF-PR,DEL01-PR,UOP03-DEL01-PR,06/08/2022 15:00:00,0.4,15.2,13.2,72.0,100.0,14.3,1.0
44383,466628,8/7/2022,domingo,21:30:00,PR,376.0,459.5,PONTA GROSSA,Chuva,Saída de leito carroçável,Sem Vítimas,Plena Noite,Decrescente,Chuva,Dupla,Curva,Não,1,0,0,0,1,0,0,1,-25.000549,-50.36102603,SPRF-PR,DEL03-PR,UOP01-DEL03-PR,07/08/2022 22:00:00,0.0,14.7,13.5,93.0,77.0,16.3,0.0
44385,466630,8/7/2022,domingo,23:04:00,PR,277.0,693.0,SAO MIGUEL DO IGUACU,Chuva,Capotamento,Com Vítimas Feridas,Plena Noite,Crescente,Chuva,Dupla,Reta,Não,1,0,0,1,0,0,1,1,-25.37239725,-54.27033988,SPRF-PR,DEL05-PR,UOP01-DEL05-PR,07/08/2022 23:00:00,0.0,17.2,18.2,97.0,100.0,9.0,0.0
44441,466710,8/8/2022,segunda-feira,9:30:00,SP,381.0,79.0,SAO PAULO,Chuva,Colisão com objeto,Com Vítimas Feridas,Pleno dia,Crescente,Garoa/Chuvisco,Dupla,Curva,Não,1,0,0,1,0,0,1,1,-23.40319901,-46.57564699,SPRF-SP,DEL03-SP,UOP01-DEL03-SP,08/08/2022 10:00:00,0.9,16.8,16.5,90.0,90.0,13.3,1.0
44445,466714,8/8/2022,segunda-feira,9:50:00,MG,381.0,880.9,ESTIVA,Chuva,Saída de leito carroçável,Com Vítimas Feridas,Pleno dia,Crescente,Chuva,Dupla,Curva,Não,1,0,1,0,0,0,1,1,-22.51533401,-46.02134878,SPRF-MG,DEL16-MG,UOP03-DEL16-MG,08/08/2022 10:00:00,0.5,17.6,19.4,89.0,91.0,1.5,1.0
44460,466739,8/8/2022,segunda-feira,10:20:00,SP,381.0,68.5,MAIRIPORA,Chuva,Colisão traseira,Com Vítimas Feridas,Pleno dia,Decrescente,Nublado,Dupla,Reta,Não,3,0,1,0,2,0,1,2,-23.34043796,-46.57433588,SPRF-SP,DEL03-SP,UOP01-DEL03-SP,08/08/2022 10:00:00,1.7,16.9,17.1,90.0,90.0,10.9,1.0
44492,466797,8/8/2022,segunda-feira,8:45:00,MG,381.0,792.0,SAO GONCALO DO SAPUCAI,Chuva,Colisão com objeto,Com Vítimas Feridas,Pleno dia,Crescente,Chuva,Dupla,Curva,Não,2,0,1,0,1,0,1,1,-21.91931581,-45.59934602,SPRF-MG,DEL16-MG,UOP02-DEL16-MG,08/08/2022 09:00:00,0.1,20.0,21.0,69.0,76.0,2.5,1.0
44499,466807,8/7/2022,domingo,17:45:00,PR,376.0,432.0,TIBAGI,Chuva,Colisão com objeto,Com Vítimas Feridas,Anoitecer,Crescente,Chuva,Dupla,Não Informado,Não,3,0,3,0,0,0,3,1,-24.75427516,-50.53547859,SPRF-PR,DEL03-PR,UOP02-DEL03-PR,07/08/2022 18:00:00,1.0,16.5,17.0,98.0,92.0,11.5,1.0
44526,466851,8/8/2022,segunda-feira,22:40:00,SC,282.0,6.0,SAO JOSE,Chuva,Tombamento,Com Vítimas Feridas,Plena Noite,Crescente,Chuva,Simples,Curva,Sim,1,0,1,0,0,0,1,1,-27.591936,-48.618244,SPRF-SC,DEL01-SC,UOP01-DEL01-SC,08/08/2022 23:00:00,0.2,16.6,17.9,92.0,100.0,4.0,0.0
44539,466877,8/9/2022,terça-feira,7:20:00,RS,116.0,247.0,SAO LEOPOLDO,Chuva,Colisão lateral mesmo sentido,Com Vítimas Feridas,Pleno dia,Decrescente,Chuva,Dupla,Reta,Sim,2,0,1,0,1,0,1,2,-29.76733091,-51.1535296,SPRF-RS,DEL01-RS,UOP02-DEL01-RS,09/08/2022 07:00:00,0.0,13.4,12.2,91.0,100.0,13.0,0.0
44560,466906,8/9/2022,terça-feira,8:20:00,RS,290.0,59.0,GRAVATAI,Chuva,Saída de leito carroçável,Sem Vítimas,Pleno dia,Decrescente,Chuva,Múltipla,Reta,Não,1,0,0,0,1,0,0,1,-29.922428,-50.84845,SPRF-RS,DEL03-RS,UOP01-DEL03-RS,09/08/2022 08:00:00,0.1,14.2,12.2,88.0,100.0,17.8,1.0
44570,466921,8/9/2022,terça-feira,8:00:00,RS,116.0,258.0,ESTEIO,Chuva,Tombamento,Com Vítimas Feridas,Pleno dia,Decrescente,Chuva,Dupla,Curva,Sim,1,0,1,0,0,0,1,1,-29.86150502,-51.18091535,SPRF-RS,DEL01-RS,UOP02-DEL01-RS,09/08/2022 08:00:00,0.2,14.2,13.1,87.0,100.0,12.3,1.0
44604,466975,8/9/2022,terça-feira,17:00:00,SP,116.0,488.0,CAJATI,Chuva,Eventos atípicos,Com Vítimas Feridas,Pleno dia,Crescente,Chuva,Dupla,Curva,Sim,4,0,2,1,1,0,3,1,-24.73097634,-48.09815591,SPRF-SP,DEL05-SP,UOP01-DEL05-SP,09/08/2022 17:00:00,1.4,18.4,21.2,99.0,100.0,1.6,1.0
44605,466977,8/9/2022,terça-feira,16:15:00,RS,386.0,294.7,POUSO NOVO,Chuva,Saída de leito carroçável,Com Vítimas Feridas,Anoitecer,Crescente,Chuva,Simples,Desvio Temporário,Não,1,0,1,0,0,0,1,1,-29.121178,-52.248886,SPRF-RS,DEL04-RS,UOP01-DEL04-RS,09/08/2022 16:00:00,2.1,10.0,6.5,97.0,100.0,23.4,1.0
44648,467041,8/9/2022,terça-feira,22:20:00,SC,116.0,140.2,SANTA CECILIA,Chuva,Saída de leito carroçável,Com Vítimas Feridas,Plena Noite,Decrescente,Chuva,Simples,Desvio Temporário,Não,1,0,1,0,0,0,1,1,-26.96625517,-50.40928315,SPRF-SC,DEL06-SC,UOP02-DEL06-SC,09/08/2022 22:00:00,1.5,10.7,8.9,100.0,100.0,14.0,0.0
44651,467046,8/10/2022,quarta-feira,0:10:00,SC,101.0,236.1,PALHOCA,Chuva,Saída de leito carroçável,Com Vítimas Feridas,Plena Noite,Crescente,Chuva,Simples,Viaduto,Não,1,0,0,1,0,0,1,1,-27.82629382,-48.63034842,SPRF-SC,DEL01-SC,UOP02-DEL01-SC,10/08/2022 00:00:00,3.2,15.7,15.4,96.0,100.0,13.3,0.0
44661,467063,8/10/2022,quarta-feira,5:20:00,SC,101.0,39.5,JOINVILLE,Chuva,Saída de leito carroçável,Com Vítimas Feridas,Plena Noite,Decrescente,Chuva,Simples,Reta,Sim,1,0,1,0,0,0,1,1,-26.30686807,-48.87973487,SPRF-SC,DEL03-SC,UOP01-DEL03-SC,10/08/2022 05:00:00,6.2,16.5,14.1,99.0,100.0,31.7,0.0
44688,467110,8/7/2022,domingo,15:45:00,PR,376.0,432.0,TIBAGI,Chuva,Saída de leito carroçável,Com Vítimas Feridas,Pleno dia,Crescente,Chuva,Dupla,Curva,Não,3,0,3,0,0,0,3,1,-24.80531402,-50.48850813,SPRF-PR,DEL03-PR,UOP02-DEL03-PR,07/08/2022 16:00:00,1.1,16.8,17.5,98.0,88.0,10.2,1.0
44785,467262,8/11/2022,quinta-feira,8:30:00,SP,381.0,70.0,MAIRIPORA,Chuva,Capotamento,Sem Vítimas,Pleno dia,Decrescente,Chuva,Múltipla,Curva,Não,1,0,0,0,1,0,0,1,-23.34972978,-46.56070474,SPRF-SP,DEL03-SP,UOP01-DEL03-SP,11/08/2022 09:00:00,0.1,11.9,9.0,80.0,74.0,17.4,1.0
44921,467491,8/12/2022,sexta-feira,8:30:00,SC,282.0,37.5,AGUAS MORNAS,Chuva,Saída de leito carroçável,Sem Vítimas,Pleno dia,Decrescente,Chuva,Simples,Curva,Não,2,0,0,0,2,0,0,1,-27.707325,-48.842983,SPRF-SC,DEL01-SC,UOP03-DEL01-SC,12/08/2022 09:00:00,0.2,15.1,15.6,89.0,86.0,4.0,1.0
44940,467527,1/27/2022,quinta-feira,15:03:00,MT,364.0,499.0,JANGADA,Chuva,Saída de leito carroçável,Sem Vítimas,Pleno dia,Crescente,Chuva,Simples,Reta,Não,1,0,0,0,0,1,0,1,-15.25741521,-56.46186522,SPRF-MT,DEL01-MT,UOP02-DEL01-MT,27/01/2022 15:00:00,4.2,28.5,33.4,75.0,89.0,9.6,1.0
45466,468310,2/7/2022,segunda-feira,19:30:00,RJ,116.0,127.0,MAGE,Chuva,Capotamento,Com Vítimas Feridas,Plena Noite,Crescente,Chuva,Dupla,Reta,Sim,2,0,0,1,1,0,1,1,-22.66137035,-43.09295957,SPRF-RJ,DEL02-RJ,UOP04-DEL02-RJ,07/02/2022 20:00:00,1.4,23.9,28.8,96.0,100.0,4.3,0.0
45620,468553,8/16/2022,terça-feira,21:30:00,PR,376.0,182.2,SARANDI,Chuva,Colisão com objeto,Sem Vítimas,Plena Noite,Crescente,Chuva,Múltipla,Reta,Sim,1,0,0,0,1,0,0,1,-23.43294709,-51.88543975,SPRF-PR,DEL09-PR,UOP01-DEL09-PR,16/08/2022 22:00:00,1.0,16.9,16.7,88.0,100.0,13.1,0.0
45663,468618,8/17/2022,quarta-feira,9:50:00,MS,262.0,144.0,AGUA CLARA,Chuva,Saída de leito carroçável,Com Vítimas Feridas,Pleno dia,Decrescente,Chuva,Simples,Desvio Temporário,Não,5,0,1,1,3,0,2,1,-20.44382266,-52.88126791,SPRF-MS,DEL07-MS,UOP02-DEL07-MS,17/08/2022 10:00:00,0.2,22.0,24.2,85.0,83.0,9.7,1.0
45765,468802,8/18/2022,quinta-feira,9:20:00,PR,369.0,110.9,URAI,Chuva,Saída de leito carroçável,Com Vítimas Feridas,Pleno dia,Decrescente,Chuva,Dupla,Reta,Não,2,0,1,1,0,0,2,1,-23.272399,-50.814445,SPRF-PR,DEL07-PR,UOP01-DEL07-PR,18/08/2022 09:00:00,0.1,18.2,20.0,95.0,90.0,5.6,1.0
45881,468989,8/19/2022,sexta-feira,10:00:00,SP,381.0,68.0,MAIRIPORA,Chuva,Capotamento,Com Vítimas Feridas,Pleno dia,Decrescente,Chuva,Múltipla,Reta,Não,3,0,1,0,2,0,1,3,-23.34043796,-46.57433588,SPRF-SP,DEL03-SP,UOP01-DEL03-SP,19/08/2022 10:00:00,0.2,9.8,6.8,92.0,100.0,18.5,1.0
45888,469002,8/19/2022,sexta-feira,11:20:00,RJ,101.0,427.0,MANGARATIBA,Chuva,Colisão frontal,Com Vítimas Feridas,Pleno dia,Decrescente,Chuva,Simples,Curva,Não,3,0,2,0,1,0,2,2,-22.93154625,-43.98133788,SPRF-RJ,DEL03-RJ,UOP01-DEL03-RJ,19/08/2022 11:00:00,0.5,17.4,14.6,82.0,100.0,28.7,1.0
45892,469010,8/19/2022,sexta-feira,11:15:00,RJ,40.0,75.0,PETROPOLIS,Chuva,Colisão com objeto,Com Vítimas Feridas,Pleno dia,Crescente,Garoa/Chuvisco,Simples,Curva,Não,2,0,1,0,1,0,1,1,-22.46857126,-43.22958698,SPRF-RJ,DEL06-RJ,UOP02-DEL06-RJ,19/08/2022 11:00:00,0.9,14.2,12.5,90.0,90.0,17.0,1.0
45924,469087,8/19/2022,sexta-feira,16:30:00,RJ,101.0,232.0,SILVA JARDIM,Chuva,Saída de leito carroçável,Com Vítimas Feridas,Anoitecer,Crescente,Chuva,Dupla,Reta,Não,2,0,0,2,0,0,2,1,-22.58542006,-42.3846588,SPRF-RJ,DEL02-RJ,UOP03-DEL02-RJ,19/08/2022 17:00:00,0.2,16.2,13.8,89.0,100.0,26.5,1.0
45939,469108,8/19/2022,sexta-feira,19:30:00,RJ,116.0,95.0,GUAPIMIRIM,Chuva,Colisão frontal,Com Vítimas Feridas,Plena Noite,Crescente,Chuva,Simples,Curva,Não,2,0,0,1,1,0,1,2,-22.47374702,-43.00117923,SPRF-RJ,DEL04-RJ,UOP01-DEL04-RJ,19/08/2022 20:00:00,0.1,10.9,9.1,96.0,100.0,12.6,0.0
46123,469385,8/21/2022,domingo,3:30:00,RJ,116.0,96.0,GUAPIMIRIM,Chuva,Saída de leito carroçável,Com Vítimas Feridas,Plena Noite,Crescente,Chuva,Simples,Curva,Não,1,0,1,0,0,0,1,1,-22.48025217,-42.99744482,SPRF-RJ,DEL04-RJ,UOP01-DEL04-RJ,21/08/2022 04:00:00,0.0,10.1,9.2,91.0,29.0,3.6,0.0
46160,469435,8/21/2022,domingo,9:30:00,PR,369.0,102.0,URAI,Chuva,Saída de leito carroçável,Com Vítimas Feridas,Pleno dia,Crescente,Chuva,Dupla,Curva,Não,1,0,1,0,0,0,1,1,-23.24761,-50.7337,SPRF-PR,DEL07-PR,UOP01-DEL07-PR,21/08/2022 10:00:00,0.0,16.7,14.6,66.0,32.0,14.9,1.0
46388,469760,8/23/2022,terça-feira,4:57:00,SC,470.0,7.5,NAVEGANTES,Chuva,Colisão com objeto,Com Vítimas Feridas,Plena Noite,Crescente,Chuva,Simples,Curva,Sim,1,0,0,1,0,0,1,1,-26.84499,-48.71505,SPRF-SC,DEL04-SC,UOP04-DEL04-SC,23/08/2022 05:00:00,0.1,15.8,17.1,93.0,63.0,1.6,0.0
46454,469883,8/20/2022,sábado,1:50:00,RJ,101.0,495.0,ANGRA DOS REIS,Chuva,Saída de leito carroçável,Com Vítimas Feridas,Plena Noite,Decrescente,Chuva,Simples,Curva,Não,1,0,1,0,0,0,1,1,-22.93180313,-44.32178488,SPRF-RJ,DEL03-RJ,UOP02-DEL03-RJ,20/08/2022 02:00:00,0.2,15.6,14.3,84.0,100.0,15.3,0.0
46507,469971,8/24/2022,quarta-feira,8:00:00,RJ,40.0,121.0,DUQUE DE CAXIAS,Chuva,Queda de ocupante de veículo,Com Vítimas Feridas,Pleno dia,Decrescente,Chuva,Múltipla,Curva,Não,1,0,1,0,0,0,1,1,-22.78185499,-43.28571273,SPRF-RJ,DEL01-RJ,UOP01-DEL01-RJ,24/08/2022 08:00:00,0.0,18.4,19.5,90.0,95.0,8.5,1.0
46563,470060,8/16/2022,terça-feira,19:00:00,MS,163.0,264.3,DOURADOS,Chuva,Tombamento,Com Vítimas Feridas,Plena Noite,Crescente,Chuva,Dupla,Reta,Sim,1,0,0,1,0,0,1,1,-22.22627128,-54.7364527,SPRF-MS,DEL04-MS,UOP01-DEL04-MS,16/08/2022 19:00:00,1.5,20.8,22.6,88.0,100.0,10.0,0.0
46661,470213,8/14/2022,domingo,21:00:00,BA,110.0,359.0,CATU,Chuva,Saída de leito carroçável,Com Vítimas Fatais,Plena Noite,Decrescente,Chuva,Simples,Curva,Não,1,1,0,0,0,0,0,1,-12.35866502,-38.39208618,SPRF-BA,DEL01-BA,UOP04-DEL01-BA,14/08/2022 21:00:00,0.0,21.4,22.2,82.0,100.0,14.7,0.0
46773,470396,8/26/2022,sexta-feira,10:40:00,BA,101.0,664.0,ITAPEBI,Chuva,Saída de leito carroçável,Com Vítimas Feridas,Pleno dia,Decrescente,Chuva,Simples,Curva,Não,1,0,0,1,0,0,1,1,-15.96,-39.56,SPRF-BA,DEL09-BA,UOP01-DEL09-BA,26/08/2022 11:00:00,1.1,22.0,24.3,85.0,100.0,9.3,1.0
47055,470780,8/28/2022,domingo,5:45:00,RS,158.0,222.0,CRUZ ALTA,Chuva,Saída de leito carroçável,Com Vítimas Feridas,Amanhecer,Crescente,Chuva,Simples,Curva,Não,1,0,0,1,0,0,1,1,-28.87881501,-53.6152776,SPRF-RS,DEL10-RS,UOP02-DEL10-RS,28/08/2022 06:00:00,0.5,9.9,5.8,91.0,100.0,25.7,0.0
47179,470954,8/28/2022,domingo,21:50:00,SP,116.0,548.0,BARRA DO TURVO,Chuva,Saída de leito carroçável,Com Vítimas Feridas,Plena Noite,Crescente,Chuva,Simples,Curva,Não,3,0,1,0,2,0,1,1,-24.95393,-48.447268,SPRF-SP,DEL05-SP,UOP02-DEL05-SP,28/08/2022 22:00:00,0.3,13.0,11.8,89.0,100.0,10.9,0.0
47323,471182,8/30/2022,terça-feira,2:30:00,SP,116.0,339.0,JUQUITIBA,Chuva,Saída de leito carroçável,Com Vítimas Feridas,Plena Noite,Crescente,Chuva,Dupla,Curva,Não,1,0,1,0,0,0,1,1,-23.9983939,-47.14927316,SPRF-SP,DEL04-SP,UOP01-DEL04-SP,30/08/2022 03:00:00,0.1,10.0,8.6,96.0,100.0,9.2,0.0