,id,data_inversa,dia_semana,horario,uf,br,km,municipio,causa_acidente,tipo_acidente,classificacao_acidente,fase_dia,sentido_via,condicao_metereologica,tipo_pista,tracado_via,uso_solo,pessoas,mortos,feridos_leves,feridos_graves,ilesos,ignorados,feridos,veiculos,latitude,longitude,regional,delegacia,uop,rounded_datetime,rain,temperature_2m,apparent_temperature,relativehumidity_2m,cloudcover,windspeed_10m,is_day
51463,477670,9/21/2022,quarta-feira,20:00:00,RJ,40.0,91.1,PETROPOLIS,Chuva,Saída de leito carroçável,Com Vítimas Feridas,Plena Noite,Crescente,Chuva,Simples,Não Informado,Não,2,0,1,1,0,0,2,1,-22.54903566,-43.24229724,SPRF-RJ,DEL06-RJ,UOP02-DEL06-RJ,21/09/2022 20:00:00,0.0,18.3,19.8,87.0,88.0,4.7,0.0
51540,477804,9/30/2022,sexta-feira,18:30:00,RS,290.0,42.5,GLORINHA,Chuva,Saída de leito carroçável,Com Vítimas Feridas,Plena Noite,Decrescente,Chuva,Dupla,Reta,Não,1,0,1,0,0,0,1,1,-29.889519,-50.684872,SPRF-RS,DEL03-RS,UOP01-DEL03-RS,30/09/2022 19:00:00,3.9,16.1,15.6,90.0,90.0,13.4,0.0
51554,477829,9/30/2022,sexta-feira,17:00:00,MG,381.0,811.0,CAREACU,Chuva,Colisão com objeto,Com Vítimas Feridas,Pleno dia,Crescente,Chuva,Dupla,Curva,Não,2,0,1,0,1,0,1,1,-22.05313393,-45.6960471,SPRF-MG,DEL16-MG,UOP02-DEL16-MG,30/09/2022 17:00:00,1.0,20.8,21.8,74.0,100.0,7.2,1.0
51605,477898,10/1/2022,sábado,4:20:00,SP,116.0,518.0,CAJATI,Chuva,Saída de leito carroçável,Com Vítimas Feridas,Plena Noite,Decrescente,Chuva,Simples,Curva,Não,2,0,1,0,1,0,1,1,-24.88363347,-48.22397232,SPRF-SP,DEL05-SP,UOP02-DEL05-SP,01/10/2022 04:00:00,0.2,15.1,16.2,98.0,100.0,2.7,0.0
51637,477948,10/1/2022,sábado,8:10:00,SC,101.0,33.8,JOINVILLE,Chuva,Saída de leito carroçável,Com Vítimas Feridas,Pleno dia,Decrescente,Garoa/Chuvisco,Dupla,Reta,Não,1,0,1,0,0,0,1,1,-26.26070122,-48.90328516,SPRF-SC,DEL03-SC,UOP01-DEL03-SC,01/10/2022 08:00:00,0.1,17.6,19.0,90.0,97.0,4.7,1.0
51649,477964,10/1/2022,sábado,7:40:00,MG,40.0,177.2,JOAO PINHEIRO,Chuva,Saída de leito carroçável,Com Vítimas Feridas,Amanhecer,Decrescente,Chuva,Simples,Reta,Não,3,0,2,0,1,0,2,1,-17.96175123,-46.0104847,SPRF-MG,DEL14-MG,UOP02-DEL14-MG,01/10/2022 08:00:00,0.0,22.2,22.4,68.0,49.0,13.0,1.0
51707,478050,10/1/2022,sábado,19:00:00,SC,101.0,163.3,TIJUCAS,Chuva,Colisão com objeto,Com Vítimas Feridas,Plena Noite,Crescente,Chuva,Dupla,Reta,Não,1,0,1,0,0,0,1,1,-27.20831288,-48.61987922,SPRF-SC,DEL04-SC,UOP03-DEL04-SC,01/10/2022 19:00:00,0.0,19.2,21.1,92.0,35.0,7.3,0.0
51771,478133,10/2/2022,domingo,6:30:00,GO,70.0,1.7,AGUAS LINDAS DE GOIAS,Chuva,Colisão com objeto,Sem Vítimas,Amanhecer,Crescente,Chuva,Dupla,Não Informado,Sim,1,0,0,0,1,0,0,1,-15.77579351,-48.23259001,SPRF-DF,DEL01-DF,UOP03-DEL01-DF,02/10/2022 07:00:00,0.4,19.4,21.6,91.0,67.0,4.5,1.0
51784,478150,10/2/2022,domingo,8:56:00,GO,60.0,34.0,ALEXANIA,Chuva,Saída de leito carroçável,Com Vítimas Feridas,Pleno dia,Crescente,Chuva,Dupla,Reta,Não,2,0,1,0,1,0,1,1,-16.0963,-48.5202,SPRF-DF,DEL01-DF,UOP02-DEL01-DF,02/10/2022 09:00:00,0.0,24.9,26.9,58.0,85.0,0.4,1.0
51829,478212,10/2/2022,domingo,15:50:00,PA,316.0,74.0,SAO FRANCISCO DO PARA,Chuva,Tombamento,Com Vítimas Feridas,Pleno dia,Decrescente,Chuva,Simples,Reta,Não,2,0,2,0,0,0,2,1,-1.29131621,-47.83082209,SPRF-PA,DEL01-PA,UOP01-DEL01-PA,02/10/2022 16:00:00,0.8,28.4,32.4,73.0,32.0,10.6,1.0
51875,478274,10/2/2022,domingo,17:25:00,GO,60.0,274.0,JANDAIA,Chuva,Saída de leito carroçável,Com Vítimas Feridas,Pleno dia,Crescente,Chuva,Dupla,Curva,Não,4,0,4,0,0,0,4,1,-17.2123,-50.1583,SPRF-GO,DEL01-GO,UOP02-DEL01-GO,02/10/2022 17:00:00,0.0,31.6,33.0,40.0,57.0,5.4,1.0
51932,478357,10/3/2022,segunda-feira,8:00:00,RJ,40.0,91.0,PETROPOLIS,Chuva,Tombamento,Com Vítimas Feridas,Pleno dia,Decrescente,Chuva,Simples,Curva,Não,1,0,1,0,0,0,1,1,-22.54903566,-43.24229724,SPRF-RJ,DEL06-RJ,UOP02-DEL06-RJ,03/10/2022 08:00:00,0.5,17.2,19.0,94.0,100.0,2.5,1.0
52006,478484,10/3/2022,segunda-feira,19:00:00,MG,381.0,351.0,JOAO MONLEVADE,Chuva,Queda de ocupante de veículo,Com Vítimas Feridas,Plena Noite,Decrescente,Chuva,Simples,Interseção de vias,Não,1,0,1,0,0,0,1,1,-19.84644336,-43.16611234,SPRF-MG,DEL03-MG,UOP01-DEL03-MG,03/10/2022 19:00:00,0.1,22.2,23.8,75.0,47.0,7.7,0.0
52117,478670,10/4/2022,terça-feira,19:00:00,RJ,356.0,85.0,CARDOSO MOREIRA,Chuva,Saída de leito carroçável,Sem Vítimas,Plena Noite,Decrescente,Chuva,Simples,Curva,Não,4,0,0,0,4,0,0,1,-21.48337624,-41.64795307,SPRF-RJ,DEL08-RJ,UOP03-DEL08-RJ,04/10/2022 19:00:00,0.0,23.3,25.8,83.0,71.0,9.7,0.0
52138,478707,10/5/2022,quarta-feira,7:10:00,RJ,40.0,91.0,PETROPOLIS,Chuva,Colisão com objeto,Com Vítimas Feridas,Pleno dia,Decrescente,Chuva,Simples,Reta,Não,2,0,1,0,1,0,1,1,-22.54903566,-43.24229724,SPRF-RJ,DEL06-RJ,UOP02-DEL06-RJ,05/10/2022 07:00:00,0.3,17.1,19.2,99.0,100.0,2.9,1.0
52185,478795,10/5/2022,quarta-feira,16:18:00,PR,163.0,249.0,TOLEDO,Chuva,Saída de leito carroçável,Com Vítimas Feridas,Pleno dia,Decrescente,Chuva,Dupla,Reta,Não,1,0,1,0,0,0,1,1,-24.69088486,-53.74666583,SPRF-PR,DEL06-PR,UOP02-DEL06-PR,05/10/2022 16:00:00,0.7,21.0,23.3,89.0,90.0,8.5,1.0
52189,478802,10/5/2022,quarta-feira,15:00:00,PR,277.0,87.0,SAO JOSE DOS PINHAIS,Chuva,Saída de leito carroçável,Sem Vítimas,Pleno dia,Crescente,Chuva,Dupla,Reta,Não,1,0,0,0,1,0,0,1,-25.57089683,-49.21144198,SPRF-PR,DEL01-PR,UAP06-DEL01-PR,05/10/2022 15:00:00,0.0,21.3,21.6,63.0,71.0,7.1,1.0
52254,478912,10/6/2022,quinta-feira,11:00:00,RS,386.0,410.8,TRIUNFO,Chuva,Colisão transversal,Com Vítimas Feridas,Pleno dia,Crescente,Chuva,Dupla,Rotatória,Sim,4,0,4,0,0,0,4,2,-29.80348613,-51.51040792,SPRF-RS,DEL01-RS,UOP01-DEL01-RS,06/10/2022 11:00:00,3.6,18.3,19.8,92.0,90.0,6.6,1.0
52255,478914,9/19/2022,segunda-feira,18:40:00,MS,376.0,63.0,GLORIA DE DOURADOS,Chuva,Tombamento,Sem Vítimas,Plena Noite,Crescente,Chuva,Simples,Não Informado,Sim,1,0,0,0,0,1,0,1,-22.42595755,-54.23484288,SPRF-MS,DEL04-MS,UOP01-DEL04-MS,19/09/2022 19:00:00,0.9,24.4,27.2,80.0,26.0,9.4,0.0
52257,478917,10/6/2022,quinta-feira,8:00:00,PR,163.0,22.8,SANTO ANTONIO DO SUDOESTE,Chuva,Saída de leito carroçável,Com Vítimas Feridas,Pleno dia,Decrescente,Chuva,Simples,Não Informado,Não,1,0,1,0,0,0,1,1,-26.1942302,-53.64766821,SPRF-PR,DEL02-PR,UOP02-DEL02-PR,06/10/2022 08:00:00,4.2,17.6,17.8,92.0,100.0,13.3,1.0
52266,478929,10/6/2022,quinta-feira,12:00:00,SC,282.0,222.0,LAGES,Chuva,Saída de leito carroçável,Com Vítimas Feridas,Pleno dia,Crescente,Chuva,Simples,Não Informado,Sim,1,0,1,0,0,0,1,1,-27.797739,-50.353409,SPRF-SC,DEL05-SC,UOP01-DEL05-SC,06/10/2022 12:00:00,3.4,13.8,11.3,99.0,100.0,25.3,1.0
52285,478956,10/6/2022,quinta-feira,17:10:00,SC,101.0,206.7,SAO JOSE,Chuva,Tombamento,Com Vítimas Feridas,Pleno dia,Crescente,Chuva,Múltipla,Reta,Sim,1,0,1,0,0,0,1,1,-27.59193546,-48.61824557,SPRF-SC,DEL01-SC,UOP01-DEL01-SC,06/10/2022 17:00:00,4.2,18.8,19.3,95.0,100.0,16.3,1.0
52311,478996,10/6/2022,quinta-feira,19:40:00,MG,146.0,425.1,MUZAMBINHO,Chuva,Capotamento,Com Vítimas Feridas,Plena Noite,Crescente,Chuva,Simples,Reta,Não,2,0,2,0,0,0,2,1,-21.35749596,-46.50684357,SPRF-MG,DEL09-MG,UOP01-DEL09-MG,06/10/2022 20:00:00,0.4,21.9,24.2,81.0,47.0,5.1,0.0
52318,479006,10/6/2022,quinta-feira,13:00:00,PR,153.0,188.0,TIBAGI,Chuva,Saída de leito carroçável,Com Vítimas Feridas,Pleno dia,Crescente,Chuva,Simples,Reta,Não,1,0,1,0,0,0,1,1,-24.41039225,-50.36085006,SPRF-PR,DEL03-PR,UOP02-DEL03-PR,06/10/2022 13:00:00,0.3,22.7,22.6,72.0,85.0,18.8,1.0
52325,479014,10/6/2022,quinta-feira,15:30:00,RO,429.0,116.0,ALVORADA DOESTE,Chuva,Saída de leito carroçável,Com Vítimas Feridas,Pleno dia,Crescente,Chuva,Simples,Reta,Não,1,0,1,0,0,0,1,1,-11.50374119,-62.43618482,SPRF-RO,DEL02-RO,UOP03-DEL02-RO,06/10/2022 16:00:00,0.0,34.8,37.9,40.0,18.0,8.6,1.0
52386,479103,10/7/2022,sexta-feira,8:40:00,MG,381.0,704.5,LAVRAS,Chuva,Saída de leito carroçável,Com Vítimas Feridas,Pleno dia,Decrescente,Chuva,Dupla,Não Informado,Não,1,0,1,0,0,0,1,1,-21.311684,-45.165156,SPRF-MG,DEL04-MG,UOP02-DEL04-MG,07/10/2022 09:00:00,1.4,20.5,22.8,93.0,92.0,8.4,1.0
52400,479122,10/7/2022,sexta-feira,11:05:00,RJ,116.0,284.0,BARRA MANSA,Chuva,Capotamento,Com Vítimas Feridas,Pleno dia,Crescente,Chuva,Dupla,Curva,Não,3,0,1,1,1,0,2,1,-22.51174295,-44.21705393,SPRF-RJ,DEL07-RJ,UOP02-DEL07-RJ,07/10/2022 11:00:00,0.2,24.7,27.0,77.0,85.0,12.3,1.0
52412,479141,10/7/2022,sexta-feira,12:10:00,RJ,393.0,239.0,VASSOURAS,Chuva,Saída de leito carroçável,Com Vítimas Feridas,Pleno dia,Decrescente,Chuva,Simples,Reta,Não,1,0,1,0,0,0,1,1,-22.429,-43.705,SPRF-RJ,DEL05-RJ,UOP02-DEL05-RJ,07/10/2022 12:00:00,0.2,26.1,27.9,72.0,90.0,16.6,1.0
52429,479170,10/7/2022,sexta-feira,12:30:00,MG,40.0,199.8,JOAO PINHEIRO,Chuva,Saída de leito carroçável,Com Vítimas Feridas,Pleno dia,Crescente,Chuva,Simples,Reta,Não,3,0,2,0,1,0,2,1,-18.00961206,-45.82144902,SPRF-MG,DEL14-MG,UOP02-DEL14-MG,07/10/2022 13:00:00,0.5,28.8,30.5,44.0,98.0,11.1,1.0
52507,479272,10/7/2022,sexta-feira,18:00:00,AC,364.0,133.0,RIO BRANCO,Chuva,Queda de ocupante de veículo,Com Vítimas Feridas,Plena Noite,Decrescente,Chuva,Dupla,Reta,Não,1,0,1,0,0,0,1,1,-10.002488,-67.84954,SPRF-AC,,UOP01-DEL01-AC,07/10/2022 18:00:00,3.0,27.0,31.2,84.0,84.0,13.7,1.0
52780,479664,10/9/2022,domingo,12:20:00,MT,364.0,557.4,NOBRES,Chuva,Saída de leito carroçável,Sem Vítimas,Pleno dia,Crescente,Chuva,Dupla,Reta,Não,1,0,0,0,1,0,0,1,-14.72972978,-56.3193512,SPRF-MT,DEL01-MT,UOP01-DEL01-MT,09/10/2022 12:00:00,0.4,29.9,34.8,65.0,91.0,6.3,1.0
52815,479710,10/9/2022,domingo,19:00:00,SP,116.0,147.0,SAO JOSE DOS CAMPOS,Chuva,Colisão traseira,Com Vítimas Feridas,Plena Noite,Decrescente,Chuva,Dupla,Reta,Sim,3,0,1,1,1,0,2,2,-23.19122919,-45.86327591,SPRF-SP,DEL02-SP,UOP01-DEL02-SP,09/10/2022 19:00:00,1.6,20.9,24.0,92.0,100.0,4.2,0.0
52933,479883,10/10/2022,segunda-feira,12:40:00,SP,381.0,60.9,MAIRIPORA,Chuva,Saída de leito carroçável,Com Vítimas Feridas,Pleno dia,Crescente,Chuva,Dupla,Curva,Não,2,0,1,0,1,0,1,1,-23.28916658,-46.58156455,SPRF-SP,DEL03-SP,UOP01-DEL03-SP,10/10/2022 13:00:00,0.9,18.7,20.9,91.0,100.0,2.3,1.0
52963,479921,10/10/2022,segunda-feira,18:00:00,RS,386.0,55.1,SEBERI,Chuva,Saída de leito carroçável,Sem Vítimas,Anoitecer,Decrescente,Chuva,Simples,Reta,Não,1,0,0,0,0,1,0,1,-27.526897,-53.374805,SPRF-RS,DEL08-RS,UOP02-DEL08-RS,10/10/2022 18:00:00,1.2,15.3,14.3,96.0,100.0,17.4,1.0
52972,479930,10/10/2022,segunda-feira,19:00:00,PR,369.0,446.4,UBIRATA,Chuva,Colisão traseira,Com Vítimas Feridas,Plena Noite,Crescente,Chuva,Simples,Não Informado,Não,2,0,1,0,1,0,1,2,-24.55483268,-52.96470165,SPRF-PR,DEL04-PR,UOP03-DEL04-PR,10/10/2022 19:00:00,2.7,20.5,23.2,92.0,100.0,5.0,0.0
53049,480065,10/11/2022,terça-feira,17:30:00,SC,282.0,49.0,AGUAS MORNAS,Chuva,Saída de leito carroçável,Com Vítimas Feridas,Pleno dia,Crescente,Garoa/Chuvisco,Simples,Curva,Não,1,0,1,0,0,0,1,1,-27.712931,-48.943741,SPRF-SC,DEL01-SC,UOP03-DEL01-SC,11/10/2022 18:00:00,0.8,19.2,21.2,92.0,93.0,6.5,1.0
53075,480095,10/11/2022,terça-feira,17:20:00,RO,364.0,653.0,CANDEIAS DO JAMARI,Chuva,Saída de leito carroçável,Com Vítimas Feridas,Pleno dia,Decrescente,Chuva,Simples,Reta,Não,1,0,1,0,0,0,1,1,-8.89444495,-63.43875268,SPRF-RO,DEL01-RO,UOP01-DEL01-RO,11/10/2022 17:00:00,0.2,29.4,34.5,69.0,86.0,2.5,1.0
53093,480121,10/11/2022,terça-feira,11:45:00,PR,277.0,465.6,NOVA LARANJEIRAS,Chuva,Colisão frontal,Com Vítimas Feridas,Pleno dia,Crescente,Chuva,Simples,Reta,Não,33,0,30,3,0,0,33,2,-25.34142,-52.49787,SPRF-PR,DEL04-PR,UOP02-DEL04-PR,11/10/2022 12:00:00,2.4,20.5,21.6,87.0,100.0,13.9,1.0
53127,480175,10/12/2022,quarta-feira,5:30:00,SC,101.0,145.0,ITAPEMA,Chuva,Queda de ocupante de veículo,Com Vítimas Feridas,Amanhecer,Crescente,Chuva,Dupla,Não Informado,Não,1,0,0,1,0,0,1,1,-27.08139206,-48.60130993,SPRF-SC,DEL04-SC,UOP03-DEL04-SC,12/10/2022 06:00:00,0.2,17.7,18.2,98.0,85.0,14.1,1.0
53154,480207,10/12/2022,quarta-feira,10:45:00,PR,116.0,39.0,CAMPINA GRANDE DO SUL,Chuva,Saída de leito carroçável,Com Vítimas Feridas,Pleno dia,Crescente,Chuva,Simples,Curva,Não,2,0,1,0,1,0,1,1,-25.160711,-48.862125,SPRF-PR,DEL01-PR,UOP02-DEL01-PR,12/10/2022 11:00:00,0.7,19.1,21.1,93.0,100.0,6.5,1.0
53183,480247,10/12/2022,quarta-feira,13:56:00,MS,262.0,469.5,ANASTACIO,Chuva,Saída de leito carroçável,Com Vítimas Feridas,Pleno dia,Decrescente,Chuva,Simples,Reta,Não,2,0,1,0,1,0,1,1,-20.513675,-55.616027,SPRF-MS,DEL03-MS,UOP01-DEL03-MS,12/10/2022 14:00:00,0.1,28.7,32.2,61.0,100.0,7.0,1.0
53229,480314,10/11/2022,terça-feira,21:00:00,GO,60.0,397.0,RIO VERDE,Chuva,Saída de leito carroçável,Sem Vítimas,Plena Noite,Decrescente,Chuva,Dupla,Reta,Não,1,0,0,0,0,1,0,1,-17.8235,-51.0254,SPRF-GO,DEL04-GO,UOP02-DEL04-GO,11/10/2022 21:00:00,0.0,24.6,25.7,60.0,44.0,7.4,0.0
53268,480374,10/13/2022,quinta-feira,9:50:00,PR,376.0,194.5,MARIALVA,Chuva,Saída de leito carroçável,Com Vítimas Feridas,Pleno dia,Crescente,Chuva,Múltipla,Curva,Não,1,0,0,1,0,0,1,1,-23.50026007,-51.76384001,SPRF-PR,DEL09-PR,UOP01-DEL09-PR,13/10/2022 10:00:00,0.3,21.6,23.2,78.0,72.0,7.9,1.0
53376,480547,10/14/2022,sexta-feira,10:05:00,SC,280.0,55.3,GUARAMIRIM,Chuva,Atropelamento de Pedestre,Com Vítimas Feridas,Pleno dia,Crescente,Chuva,Dupla,Reta,Sim,2,0,0,1,1,0,1,2,-26.47584353,-48.9937858,SPRF-SC,DEL03-SC,UOP03-DEL03-SC,14/10/2022 10:00:00,2.4,19.8,21.5,95.0,100.0,11.6,1.0
53491,480725,10/15/2022,sábado,5:40:00,RS,101.0,49.6,TERRA DE AREIA,Chuva,Tombamento,Com Vítimas Feridas,Amanhecer,Crescente,Chuva,Dupla,Reta,Sim,1,0,0,1,0,0,1,1,-29.59966133,-50.08022057,SPRF-RS,DEL03-RS,UOP02-DEL03-RS,15/10/2022 06:00:00,0.6,15.9,15.4,87.0,100.0,11.7,1.0
53507,480748,10/15/2022,sábado,7:43:00,PR,277.0,293.0,PRUDENTOPOLIS,Chuva,Saída de leito carroçável,Com Vítimas Feridas,Pleno dia,Crescente,Garoa/Chuvisco,Simples,Reta,Não,1,0,1,0,0,0,1,1,-25.31908557,-51.03200708,SPRF-PR,DEL08-PR,UOP02-DEL08-PR,15/10/2022 08:00:00,0.7,14.0,13.6,98.0,100.0,11.6,1.0
53662,480960,10/16/2022,domingo,4:45:00,SC,101.0,206.5,SAO JOSE,Chuva,Colisão com objeto,Sem Vítimas,Amanhecer,Decrescente,Chuva,Dupla,Reta,Sim,1,0,0,0,0,1,0,1,-27.59193546,-48.61824557,SPRF-SC,DEL01-SC,UOP01-DEL01-SC,16/10/2022 05:00:00,0.4,18.1,20.1,96.0,100.0,5.1,0.0
53801,481135,10/16/2022,domingo,18:50:00,SC,101.0,273.0,IMBITUBA,Chuva,Saída de leito carroçável,Com Vítimas Feridas,Plena Noite,Decrescente,Garoa/Chuvisco,Múltipla,Curva,Não,1,0,1,0,0,0,1,1,-28.12382408,-48.69625015,SPRF-SC,DEL02-SC,UOP03-DEL02-SC,16/10/2022 19:00:00,0.0,19.6,22.4,95.0,39.0,3.8,0.0
54094,481574,10/19/2022,quarta-feira,11:00:00,MG,381.0,924.6,ITAPEVA,Chuva,Colisão com objeto,Com Vítimas Feridas,Pleno dia,Crescente,Chuva,Dupla,Curva,Não,1,0,1,0,0,0,1,1,-22.76999724,-46.19403991,SPRF-MG,DEL16-MG,UOP03-DEL16-MG,19/10/2022 11:00:00,1.0,21.4,23.2,83.0,95.0,8.3,1.0
54101,481585,10/19/2022,quarta-feira,14:15:00,MG,381.0,908.3,CAMBUI,Chuva,Saída de leito carroçável,Com Vítimas Feridas,Pleno dia,Crescente,Chuva,Dupla,Curva,Não,2,0,1,0,1,0,1,1,-22.71744092,-46.12652111,SPRF-MG,DEL16-MG,UOP03-DEL16-MG,19/10/2022 14:00:00,0.2,19.5,20.1,84.0,86.0,11.5,1.0
54113,481600,10/19/2022,quarta-feira,16:30:00,RJ,40.0,91.0,PETROPOLIS,Chuva,Saída de leito carroçável,Com Vítimas Feridas,Pleno dia,Crescente,Chuva,Simples,Não Informado,Não,4,0,2,0,2,0,2,1,-22.54903566,-43.24229724,SPRF-RJ,DEL06-RJ,UOP02-DEL06-RJ,19/10/2022 17:00:00,0.5,21.4,24.2,92.0,92.0,7.3,1.0
54117,481604,10/19/2022,quarta-feira,17:00:00,ES,101.0,266.7,SERRA,Chuva,Colisão traseira,Com Vítimas Feridas,Pleno dia,Crescente,Chuva,Dupla,Reta,Sim,2,0,1,0,1,0,1,2,-20.190199,-40.26828891,SPRF-ES,DEL02-ES,UOP01-DEL02-ES,19/10/2022 17:00:00,0.0,24.0,25.9,78.0,64.0,13.2,1.0
54196,481717,10/20/2022,quinta-feira,8:45:00,PR,277.0,651.7,MATELANDIA,Chuva,Colisão frontal,Com Vítimas Feridas,Pleno dia,Decrescente,Granizo,Simples,Reta,Sim,3,0,2,0,1,0,2,2,-25.1974441,-53.94341989,SPRF-PR,DEL05-PR,UOP02-DEL05-PR,20/10/2022 09:00:00,2.5,19.2,20.7,95.0,96.0,10.5,1.0
54290,481861,10/20/2022,quinta-feira,22:50:00,PR,116.0,38.0,CAMPINA GRANDE DO SUL,Chuva,Saída de leito carroçável,Sem Vítimas,Plena Noite,Decrescente,Chuva,Múltipla,Curva,Não,2,0,0,0,2,0,0,1,-25.14802509,-48.85922071,SPRF-PR,DEL01-PR,UOP02-DEL01-PR,20/10/2022 23:00:00,2.2,18.9,21.4,95.0,81.0,2.9,0.0
54291,481865,10/20/2022,quinta-feira,23:15:00,PR,376.0,3.0,MARINGA,Chuva,Tombamento,Com Vítimas Fatais,Plena Noite,Crescente,Chuva,Dupla,Reta,Sim,1,1,0,0,0,0,0,1,-23.4273,-51.9375,SPRF-PR,DEL09-PR,UOP01-DEL09-PR,20/10/2022 23:00:00,0.0,21.2,23.6,92.0,48.0,8.7,0.0
54406,482051,10/21/2022,sexta-feira,17:30:00,SC,101.0,206.0,SAO JOSE,Chuva,Colisão traseira,Com Vítimas Feridas,Pleno dia,Decrescente,Chuva,Dupla,Reta,Sim,3,0,1,0,2,0,1,3,-27.59193546,-48.61824557,SPRF-SC,DEL01-SC,UOP01-DEL01-SC,21/10/2022 18:00:00,1.3,21.4,24.4,87.0,40.0,3.1,1.0
54421,482073,10/21/2022,sexta-feira,18:50:00,RJ,393.0,239.0,VASSOURAS,Chuva,Colisão lateral sentido oposto,Sem Vítimas,Plena Noite,Decrescente,Chuva,Simples,Reta,Não,2,0,0,0,2,0,0,2,-22.40800571,-43.67023264,SPRF-RJ,DEL05-RJ,UOP02-DEL05-RJ,21/10/2022 19:00:00,0.0,23.7,26.9,84.0,67.0,7.2,0.0
54546,482241,10/22/2022,sábado,14:55:00,GO,40.0,136.0,CRISTALINA,Chuva,Saída de leito carroçável,Com Vítimas Feridas,Pleno dia,Decrescente,Nublado,Simples,Reta,Não,1,0,1,0,0,0,1,1,-16.943333,-47.312308,SPRF-DF,DEL01-DF,UOP04-DEL01-DF,22/10/2022 15:00:00,0.5,28.9,30.3,42.0,26.0,0.8,1.0
54547,482242,10/22/2022,sábado,15:50:00,MG,381.0,485.5,BETIM,Chuva,Queda de ocupante de veículo,Com Vítimas Feridas,Pleno dia,Decrescente,Chuva,Dupla,Reta,Sim,1,0,1,0,0,0,1,1,-19.95659361,-44.12622893,SPRF-MG,DEL01-MG,UOP03-DEL01-MG,22/10/2022 16:00:00,0.4,25.6,27.2,62.0,38.0,8.6,1.0
54596,482304,10/22/2022,sábado,22:00:00,RJ,101.0,72.0,CAMPOS DOS GOYTACAZES,Chuva,Atropelamento de Pedestre,Com Vítimas Feridas,Plena Noite,Crescente,Chuva,Simples,Reta,Não,2,0,1,0,0,1,1,1,-21.79172802,-41.38837798,SPRF-RJ,DEL08-RJ,UOP02-DEL08-RJ,22/10/2022 22:00:00,0.4,23.1,25.4,86.0,100.0,12.6,0.0
54602,482311,10/22/2022,sábado,20:55:00,RS,116.0,609.0,ARROIO GRANDE,Chuva,Colisão lateral sentido oposto,Sem Vítimas,Plena Noite,Crescente,Chuva,Simples,Reta,Não,5,0,0,0,4,1,0,2,-32.23017374,-53.05485427,SPRF-RS,DEL07-RS,UOP03-DEL07-RS,22/10/2022 21:00:00,1.2,17.3,18.0,86.0,38.0,5.5,0.0
54617,482326,10/22/2022,sábado,23:10:00,RJ,116.0,181.0,NOVA IGUACU,Chuva,Colisão com objeto,Com Vítimas Feridas,Plena Noite,Decrescente,Chuva,Múltipla,Reta,Sim,4,0,2,0,2,0,2,1,-22.761312,-43.423492,SPRF-RJ,DEL01-RJ,UOP02-DEL01-RJ,22/10/2022 23:00:00,0.7,21.7,24.9,96.0,76.0,7.6,0.0
54732,482466,10/23/2022,domingo,12:00:00,MG,251.0,455.0,GRAO MOGOL,Chuva,Saída de leito carroçável,Com Vítimas Feridas,Pleno dia,Decrescente,Chuva,Simples,Curva,Não,4,0,3,1,0,0,4,1,-16.42687994,-43.34397196,SPRF-MG,DEL12-MG,UOP01-DEL12-MG,23/10/2022 12:00:00,0.1,27.1,29.1,46.0,100.0,3.3,1.0
54734,482469,10/23/2022,domingo,14:00:00,GO,60.0,202.0,GUAPO,Chuva,Saída de leito carroçável,Com Vítimas Feridas,Pleno dia,Crescente,Chuva,Dupla,Reta,Não,1,0,1,0,0,0,1,1,-16.8874,-49.6243,SPRF-GO,DEL01-GO,UOP02-DEL01-GO,23/10/2022 14:00:00,0.1,29.9,34.4,53.0,57.0,2.3,1.0
54785,482532,10/23/2022,domingo,18:30:00,GO,60.0,213.0,VARJAO,Chuva,Saída de leito carroçável,Com Vítimas Feridas,Plena Noite,Crescente,Chuva,Dupla,Reta,Não,2,0,2,0,0,0,2,1,-16.9529,-49.6924,SPRF-GO,DEL01-GO,UOP02-DEL01-GO,23/10/2022 19:00:00,3.4,23.9,27.1,88.0,35.0,10.6,0.0
54982,482827,10/17/2022,segunda-feira,18:15:00,MS,163.0,371.0,NOVA ALVORADA DO SUL,Chuva,Saída de leito carroçável,Com Vítimas Feridas,Anoitecer,Crescente,Chuva,Dupla,Reta,Não,1,0,1,0,0,0,1,1,-21.41551117,-54.39177719,SPRF-MS,DEL02-MS,UOP01-DEL02-MS,17/10/2022 18:00:00,0.0,30.0,33.0,55.0,22.0,5.6,1.0