,id,data_inversa,dia_semana,horario,uf,br,km,municipio,causa_acidente,tipo_acidente,classificacao_acidente,fase_dia,sentido_via,condicao_metereologica,tipo_pista,tracado_via,uso_solo,pessoas,mortos,feridos_leves,feridos_graves,ilesos,ignorados,feridos,veiculos,latitude,longitude,regional,delegacia,uop,rounded_datetime,rain,temperature_2m,apparent_temperature,relativehumidity_2m,cloudcover,windspeed_10m,is_day
62347,493986,12/20/2022,terça-feira,13:30:00,MG,365.0,635.0,UBERLANDIA,Chuva,Colisão traseira,Sem Vítimas,Pleno dia,Crescente,Chuva,Dupla,Não Informado,Não,6,0,0,0,6,0,0,2,-18.89262095,-48.41859299,SPRF-MG,DEL15-MG,UOP01-DEL15-MG,20/12/2022 14:00:00,0.1,22.4,24.7,92.0,100.0,14.3,1.0
62357,494009,12/20/2022,terça-feira,14:50:00,RJ,101.0,196.0,CASIMIRO DE ABREU,Chuva,Colisão com objeto,Com Vítimas Feridas,Pleno dia,Crescente,Garoa/Chuvisco,Dupla,Curva,Não,3,0,1,0,2,0,1,1,-22.49207101,-42.10926701,SPRF-RJ,DEL08-RJ,UOP04-DEL08-RJ,20/12/2022 15:00:00,1.9,22.6,26.5,95.0,100.0,5.9,1.0
62362,494016,12/19/2022,segunda-feira,15:00:00,MT,158.0,681.0,NOVA XAVANTINA,Chuva,Saída de leito carroçável,Com Vítimas Feridas,Pleno dia,Crescente,Chuva,Simples,Reta,Não,2,0,1,1,0,0,2,1,-14.896073,-52.27961402,SPRF-MT,DEL07-MT,UOP01-DEL07-MT,19/12/2022 15:00:00,1.0,25.0,29.9,89.0,66.0,4.2,1.0
62397,494060,12/20/2022,terça-feira,17:00:00,MG,365.0,681.0,MONTE ALEGRE DE MINAS,Chuva,Capotamento,Com Vítimas Feridas,Pleno dia,Decrescente,Chuva,Dupla,Curva,Não,2,0,1,0,1,0,1,1,-18.8497713,-48.82855398,SPRF-MG,DEL15-MG,UOP01-DEL15-MG,20/12/2022 17:00:00,0.5,22.5,24.4,84.0,62.0,12.5,1.0
62434,494118,12/20/2022,terça-feira,20:30:00,RO,364.0,669.0,CANDEIAS DO JAMARI,Chuva,Colisão traseira,Com Vítimas Feridas,Plena Noite,Crescente,Chuva,Simples,Reta,Não,1,0,0,1,0,0,1,1,-8.77491052,-63.48977695,SPRF-RO,DEL01-RO,UOP01-DEL01-RO,20/12/2022 21:00:00,0.1,24.3,29.3,96.0,100.0,6.4,0.0
62486,494211,12/21/2022,quarta-feira,11:30:00,RJ,40.0,120.0,DUQUE DE CAXIAS,Chuva,Colisão traseira,Com Vítimas Feridas,Pleno dia,Decrescente,Chuva,Dupla,Reta,Sim,2,0,1,0,1,0,1,2,-22.77280597,-43.28626763,SPRF-RJ,DEL01-RJ,UOP01-DEL01-RJ,21/12/2022 12:00:00,0.7,23.4,25.1,85.0,97.0,17.5,1.0
62554,494324,12/21/2022,quarta-feira,22:45:00,MG,116.0,277.9,TEOFILO OTONI,Chuva,Colisão traseira,Com Vítimas Feridas,Plena Noite,Decrescente,Chuva,Dupla,Não Informado,Sim,3,0,2,0,1,0,2,3,-17.867197,-41.516844,SPRF-MG,DEL11-MG,UOP01-DEL11-MG,21/12/2022 23:00:00,2.0,23.1,27.1,96.0,89.0,7.2,0.0
62579,494369,12/21/2022,quarta-feira,20:00:00,RJ,40.0,58.0,PETROPOLIS,Chuva,Colisão com objeto,Com Vítimas Feridas,Plena Noite,Decrescente,Chuva,Dupla,Curva,Não,2,0,2,0,0,0,2,1,-22.378777,-43.131523,SPRF-RJ,DEL06-RJ,UOP01-DEL06-RJ,21/12/2022 20:00:00,0.1,17.5,18.6,98.0,97.0,9.7,0.0
62598,494400,12/20/2022,terça-feira,16:40:00,SP,116.0,514.0,CAJATI,Chuva,Saída de leito carroçável,Com Vítimas Feridas,Pleno dia,Decrescente,Chuva,Dupla,Curva,Não,3,0,1,0,2,0,1,1,-24.85874304,-48.21731282,SPRF-SP,DEL05-SP,UOP02-DEL05-SP,20/12/2022 17:00:00,3.0,19.0,20.0,99.0,100.0,15.8,1.0
62651,494478,12/22/2022,quinta-feira,14:52:00,PE,316.0,69.0,OURICURI,Chuva,Atropelamento de Pedestre,Com Vítimas Fatais,Pleno dia,Decrescente,Chuva,Simples,Não Informado,Não,2,1,0,0,1,0,0,1,-7.80699469,-40.18074296,SPRF-PE,DEL05-PE,UOP02-DEL05-PE,22/12/2022 15:00:00,0.0,31.3,32.6,43.0,38.0,10.0,1.0
62733,494610,12/23/2022,sexta-feira,3:00:00,MG,251.0,248.4,SANTA CRUZ DE SALINAS,Chuva,Colisão traseira,Com Vítimas Feridas,Amanhecer,Crescente,Chuva,Simples,Reta,Não,2,0,2,0,0,0,2,2,-15.99185,-41.820384,SPRF-MG,DEL11-MG,UOP02-DEL11-MG,23/12/2022 03:00:00,2.2,17.9,19.7,99.0,100.0,7.3,0.0
62738,494616,12/22/2022,quinta-feira,18:40:00,MG,116.0,764.3,LEOPOLDINA,Chuva,Saída de leito carroçável,Sem Vítimas,Anoitecer,Crescente,Chuva,Simples,Curva,Não,1,0,0,0,0,1,0,1,-21.52171912,-42.64030314,SPRF-MG,DEL07-MG,UOP01-DEL07-MG,22/12/2022 19:00:00,0.0,21.6,23.7,85.0,59.0,9.1,0.0
62780,494688,12/23/2022,sexta-feira,4:21:00,MA,135.0,62.0,SANTA RITA,Chuva,Colisão frontal,Com Vítimas Feridas,Plena Noite,Crescente,Chuva,Simples,Não Informado,Não,5,0,5,0,0,0,5,2,-3.06977896,-44.32330426,SPRF-MA,DEL01-MA,UOP02-DEL01-MA,23/12/2022 04:00:00,0.9,23.2,28.3,97.0,81.0,2.2,0.0
62793,494708,12/20/2022,terça-feira,5:50:00,PR,277.0,32.0,MORRETES,Chuva,Colisão com objeto,Sem Vítimas,Amanhecer,Crescente,Chuva,Dupla,Reta,Não,1,0,0,0,1,0,0,1,-25.547373,-48.790559,SPRF-PR,DEL01-PR,UOP05-DEL01-PR,20/12/2022 06:00:00,0.9,19.9,22.7,96.0,100.0,4.9,1.0
62944,494923,12/23/2022,sexta-feira,23:15:00,SP,116.0,54.0,LORENA,Chuva,Capotamento,Com Vítimas Feridas,Plena Noite,Crescente,Chuva,Dupla,Reta,Não,1,0,1,0,0,0,1,1,-22.75803895,-45.11508003,SPRF-SP,DEL08-SP,UOP02-DEL08-SP,23/12/2022 23:00:00,0.0,18.2,19.3,88.0,77.0,6.5,0.0
62962,494946,12/24/2022,sábado,9:45:00,RN,226.0,248.7,JUCURUTU,Chuva,Saída de leito carroçável,Com Vítimas Feridas,Pleno dia,Crescente,Chuva,Simples,Não Informado,Não,5,0,1,4,0,0,5,1,-6.01711788,-37.03537574,SPRF-RN,DEL03-RN,UOP01-DEL03-RN,24/12/2022 10:00:00,0.0,26.1,30.3,76.0,70.0,3.1,1.0
63000,495000,12/24/2022,sábado,16:00:00,RJ,116.0,95.0,GUAPIMIRIM,Chuva,Tombamento,Com Vítimas Feridas,Pleno dia,Crescente,Chuva,Simples,Não Informado,Não,1,0,1,0,0,0,1,1,-22.47374702,-43.00117923,SPRF-RJ,DEL04-RJ,UOP01-DEL04-RJ,24/12/2022 16:00:00,0.5,21.3,22.3,73.0,100.0,8.0,1.0
63011,495013,12/24/2022,sábado,8:50:00,BA,101.0,28.1,ESPLANADA,Chuva,Saída de leito carroçável,Com Vítimas Feridas,Pleno dia,Crescente,Chuva,Dupla,Não Informado,Não,1,0,1,0,0,0,1,1,-11.76968008,-37.94440451,SPRF-SE,DEL02-SE,UOP03-DEL02-SE,24/12/2022 09:00:00,0.1,26.3,29.6,78.0,87.0,11.7,1.0
63019,495024,12/24/2022,sábado,11:30:00,ES,259.0,59.0,COLATINA,Chuva,Capotamento,Com Vítimas Feridas,Pleno dia,Crescente,Chuva,Simples,Interseção de vias,Não,1,0,1,0,0,0,1,1,-19.52125411,-40.66594194,SPRF-ES,DEL02-ES,UOP01-DEL02-ES,24/12/2022 12:00:00,7.5,22.2,25.7,90.0,100.0,4.1,1.0
63020,495025,12/24/2022,sábado,12:30:00,ES,259.0,27.0,COLATINA,Chuva,Capotamento,Com Vítimas Feridas,Pleno dia,Crescente,Chuva,Simples,Reta,Não,4,0,2,0,2,0,2,1,-19.61117801,-40.49065728,SPRF-ES,DEL02-ES,UOP01-DEL02-ES,24/12/2022 13:00:00,4.1,21.9,25.9,94.0,100.0,2.6,1.0
63163,495209,12/25/2022,domingo,16:10:00,MG,40.0,447.1,PARAOPEBA,Chuva,Saída de leito carroçável,Com Vítimas Feridas,Pleno dia,Crescente,Chuva,Dupla,Reta,Sim,3,0,3,0,0,0,3,1,-19.29359592,-44.38358492,SPRF-MG,DEL02-MG,UOP01-DEL02-MG,25/12/2022 16:00:00,1.9,24.4,25.7,73.0,100.0,14.3,1.0
63164,495210,12/25/2022,domingo,17:30:00,MG,40.0,562.0,NOVA LIMA,Chuva,Colisão com objeto,Com Vítimas Feridas,Pleno dia,Decrescente,Chuva,Dupla,Não Informado,Não,1,0,1,0,0,0,1,1,-20.14451602,-43.95966007,SPRF-MG,DEL01-MG,UOP02-DEL01-MG,25/12/2022 18:00:00,0.1,19.5,19.8,78.0,100.0,11.5,1.0
63172,495218,12/25/2022,domingo,17:40:00,DF,251.0,38.0,BRASILIA,Chuva,Colisão frontal,Com Vítimas Feridas,Anoitecer,Crescente,Chuva,Simples,Não Informado,Não,2,0,1,0,1,0,1,2,-15.94582,-47.792267,SPRF-DF,DEL01-DF,UOP01-DEL01-DF,25/12/2022 18:00:00,1.4,21.1,23.2,87.0,100.0,8.8,1.0
63179,495225,12/25/2022,domingo,17:00:00,MG,381.0,620.6,OLIVEIRA,Chuva,Saída de leito carroçável,Com Vítimas Feridas,Pleno dia,Decrescente,Chuva,Dupla,Não Informado,Não,2,0,1,0,1,0,1,1,-20.78558012,-44.78578864,SPRF-MG,DEL04-MG,UOP01-DEL04-MG,25/12/2022 17:00:00,2.5,21.8,22.8,76.0,100.0,11.0,1.0
63181,495227,12/25/2022,domingo,9:15:00,CE,402.0,292.5,TURURU,Chuva,Saída de leito carroçável,Sem Vítimas,Pleno dia,Decrescente,Chuva,Simples,Curva,Não,1,0,0,0,1,0,0,1,-3.64894755,-39.42718274,SPRF-CE,DEL01-CE,UOP03-DEL01-CE,25/12/2022 09:00:00,0.1,27.7,29.2,67.0,85.0,19.6,1.0
63212,495267,12/25/2022,domingo,21:00:00,MG,40.0,545.0,NOVA LIMA,Chuva,Colisão com objeto,Com Vítimas Feridas,Plena Noite,Crescente,Chuva,Múltipla,Não Informado,Sim,2,0,1,0,1,0,1,1,-20.00894965,-43.96531105,SPRF-MG,DEL01-MG,UOP02-DEL01-MG,25/12/2022 21:00:00,0.0,18.4,18.9,86.0,100.0,10.8,0.0
63235,495296,12/26/2022,segunda-feira,0:40:00,GO,40.0,8.6,LUZIANIA,Chuva,Queda de ocupante de veículo,Com Vítimas Feridas,Plena Noite,Crescente,Chuva,Dupla,Reta,Sim,1,0,1,0,0,0,1,1,-16.116158,-47.96761,SPRF-DF,DEL01-DF,UOP01-DEL01-DF,26/12/2022 01:00:00,1.3,19.4,21.5,95.0,100.0,6.9,0.0
63263,495334,12/26/2022,segunda-feira,9:00:00,MG,381.0,925.8,ITAPEVA,Chuva,Capotamento,Com Vítimas Feridas,Pleno dia,Decrescente,Chuva,Dupla,Não Informado,Não,2,0,1,0,1,0,1,1,-22.777207,-46.23911301,SPRF-MG,DEL16-MG,UOP03-DEL16-MG,26/12/2022 09:00:00,0.3,21.3,22.1,87.0,91.0,17.4,1.0
63270,495341,12/26/2022,segunda-feira,7:56:00,MG,381.0,646.3,SANTO ANTONIO DO AMPARO,Chuva,Colisão com objeto,Com Vítimas Feridas,Pleno dia,Crescente,Chuva,Dupla,Curva,Não,3,0,1,0,2,0,1,2,-20.95720609,-44.90296563,SPRF-MG,DEL04-MG,UOP02-DEL04-MG,26/12/2022 08:00:00,1.4,18.7,19.8,94.0,95.0,11.0,1.0
63274,495346,10/27/2022,quinta-feira,1:30:00,SC,158.0,143.0,PALMITOS,Chuva,Capotamento,Com Vítimas Feridas,Plena Noite,Crescente,Chuva,Simples,Reta,Não,1,0,1,0,0,0,1,1,-27.15140888,-53.21514623,SPRF-SC,DEL07-SC,UOP02-DEL07-SC,27/10/2022 02:00:00,0.9,20.4,21.1,87.0,30.0,15.0,0.0
63290,495370,12/26/2022,segunda-feira,12:15:00,MG,381.0,923.8,CAMANDUCAIA,Chuva,Queda de ocupante de veículo,Com Vítimas Feridas,Pleno dia,Decrescente,Chuva,Dupla,Curva,Não,2,0,1,0,1,0,1,1,-22.7671484,-46.22667493,SPRF-MG,DEL16-MG,UOP03-DEL16-MG,26/12/2022 12:00:00,0.7,21.4,22.7,85.0,100.0,13.4,1.0
63300,495385,12/26/2022,segunda-feira,11:00:00,MG,262.0,401.0,PARA DE MINAS,Chuva,Colisão com objeto,Com Vítimas Feridas,Pleno dia,Decrescente,Chuva,Dupla,Curva,Não,3,0,3,0,0,0,3,1,-19.90018759,-44.55287088,SPRF-MG,DEL01-MG,UOP03-DEL01-MG,26/12/2022 11:00:00,0.3,22.1,24.3,85.0,100.0,9.7,1.0
63303,495391,12/26/2022,segunda-feira,12:00:00,GO,20.0,60.0,FORMOSA,Chuva,Colisão frontal,Sem Vítimas,Pleno dia,Crescente,Chuva,Simples,Não Informado,Não,1,0,0,0,0,1,0,1,-15.24751,-47.168667,SPRF-DF,DEL02-DF,UOP02-DEL02-DF,26/12/2022 12:00:00,1.7,21.0,23.2,94.0,100.0,11.5,1.0
63310,495400,12/26/2022,segunda-feira,9:30:00,MG,381.0,815.5,CAREACU,Chuva,Saída de leito carroçável,Sem Vítimas,Pleno dia,Decrescente,Chuva,Dupla,Curva,Não,1,0,0,0,1,0,0,1,-22.08771284,-45.70503017,SPRF-MG,DEL16-MG,UOP02-DEL16-MG,26/12/2022 10:00:00,1.0,19.9,22.0,94.0,100.0,8.4,1.0
63320,495412,12/26/2022,segunda-feira,12:10:00,GO,20.0,105.0,FLORES DE GOIAS,Chuva,Saída de leito carroçável,Com Vítimas Feridas,Pleno dia,Crescente,Chuva,Simples,Curva,Não,3,0,2,0,1,0,2,1,-14.918053,-46.957489,SPRF-DF,DEL02-DF,UOP02-DEL02-DF,26/12/2022 12:00:00,1.3,22.4,25.5,92.0,100.0,8.9,1.0
63352,495466,12/26/2022,segunda-feira,16:30:00,MG,262.0,380.8,JUATUBA,Chuva,Saída de leito carroçável,Sem Vítimas,Pleno dia,Decrescente,Chuva,Dupla,Curva,Não,1,0,0,0,1,0,0,1,-19.93578659,-44.43691492,SPRF-MG,DEL01-MG,UOP03-DEL01-MG,26/12/2022 17:00:00,1.2,20.5,22.6,88.0,100.0,7.2,1.0
63364,495484,12/26/2022,segunda-feira,15:30:00,MG,40.0,690.6,ALFREDO VASCONCELOS,Chuva,Saída de leito carroçável,Com Vítimas Feridas,Pleno dia,Crescente,Chuva,Simples,Curva,Não,1,0,0,1,0,0,1,1,-21.1016579,-43.76384793,SPRF-MG,DEL05-MG,UOP02-DEL05-MG,26/12/2022 16:00:00,0.6,20.8,22.7,81.0,97.0,4.8,1.0
63369,495493,12/26/2022,segunda-feira,19:30:00,DF,80.0,17.0,BRASILIA,Chuva,Saída de leito carroçável,Com Vítimas Feridas,Plena Noite,Crescente,Chuva,Dupla,Não Informado,Sim,3,0,3,0,0,0,3,1,-15.692071,-48.205139,SPRF-DF,DEL01-DF,UOP03-DEL01-DF,26/12/2022 20:00:00,0.6,18.7,20.0,95.0,91.0,10.5,0.0
63371,495495,12/26/2022,segunda-feira,12:10:00,MG,381.0,613.1,OLIVEIRA,Chuva,Capotamento,Com Vítimas Feridas,Pleno dia,Crescente,Chuva,Dupla,Não Informado,Não,2,0,1,0,1,0,1,1,-20.7275927,-44.77176647,SPRF-MG,DEL04-MG,UOP01-DEL04-MG,26/12/2022 12:00:00,0.9,20.2,21.8,90.0,100.0,10.4,1.0
63405,495548,12/27/2022,terça-feira,0:05:00,PR,277.0,42.0,MORRETES,Chuva,Atropelamento de Pedestre,Com Vítimas Feridas,Plena Noite,Crescente,Chuva,Dupla,Túnel,Não,2,0,2,0,0,0,2,1,-25.57361239,-48.84469597,SPRF-PR,DEL01-PR,UOP01-DEL01-PR,27/12/2022 00:00:00,0.1,21.4,24.8,93.0,95.0,4.3,0.0
63411,495558,12/27/2022,terça-feira,5:34:00,MG,381.0,776.0,CAMPANHA,Chuva,Saída de leito carroçável,Com Vítimas Feridas,Amanhecer,Crescente,Chuva,Dupla,Curva,Não,2,0,2,0,0,0,2,1,-21.79725314,-45.45520592,SPRF-MG,DEL16-MG,UOP02-DEL16-MG,27/12/2022 06:00:00,1.6,19.0,20.7,95.0,100.0,8.7,1.0
63419,495569,12/27/2022,terça-feira,8:15:00,RS,285.0,641.8,SANTO ANTONIO DAS MISSOES,Chuva,Saída de leito carroçável,Com Vítimas Feridas,Pleno dia,Crescente,Chuva,Simples,Reta,Não,3,0,2,0,1,0,2,1,-28.601929,-55.673485,SPRF-RS,DEL12-RS,UOP01-DEL12-RS,27/12/2022 08:00:00,0.1,23.7,24.7,67.0,48.0,11.0,1.0
63428,495586,12/20/2022,terça-feira,7:37:00,PR,116.0,126.2,FAZENDA RIO GRANDE,Chuva,Queda de ocupante de veículo,Com Vítimas Feridas,Pleno dia,Decrescente,Chuva,Dupla,Não Informado,Sim,1,0,1,0,0,0,1,1,-25.641,-49.313,SPRF-PR,DEL01-PR,UOP03-DEL01-PR,20/12/2022 08:00:00,0.0,16.4,16.3,94.0,100.0,13.0,1.0
63433,495593,12/27/2022,terça-feira,8:30:00,PR,116.0,15.0,CAMPINA GRANDE DO SUL,Chuva,Saída de leito carroçável,Com Vítimas Feridas,Pleno dia,Decrescente,Chuva,Dupla,Curva,Não,3,0,0,1,2,0,1,1,-25.09832756,-48.68266005,SPRF-PR,DEL01-PR,UOP02-DEL01-PR,27/12/2022 09:00:00,0.3,21.8,26.0,97.0,100.0,3.1,1.0
63556,495775,12/28/2022,quarta-feira,8:30:00,RS,290.0,10.9,OSORIO,Chuva,Saída de leito carroçável,Com Vítimas Feridas,Pleno dia,Crescente,Chuva,Dupla,Curva,Não,7,0,0,1,6,0,1,2,-29.891388,-50.373714,SPRF-RS,DEL03-RS,UOP01-DEL03-RS,28/12/2022 09:00:00,2.2,20.9,22.0,90.0,100.0,16.3,1.0
63584,495813,12/28/2022,quarta-feira,11:49:00,MS,359.0,150.0,ALCINOPOLIS,Chuva,Capotamento,Com Vítimas Feridas,Pleno dia,Decrescente,Céu Claro,Simples,Curva,Não,2,0,2,0,0,0,2,1,-18.26732985,-54.09137804,SPRF-MS,DEL06-MS,UOP01-DEL06-MS,28/12/2022 12:00:00,0.1,29.0,32.8,66.0,53.0,7.6,1.0
63593,495830,12/28/2022,quarta-feira,14:20:00,MG,381.0,817.9,CAREACU,Chuva,Saída de leito carroçável,Com Vítimas Feridas,Pleno dia,Decrescente,Chuva,Dupla,Reta,Sim,4,0,4,0,0,0,4,1,-22.09779644,-45.71786074,SPRF-MG,DEL16-MG,UOP02-DEL16-MG,28/12/2022 14:00:00,1.5,22.6,23.5,72.0,100.0,11.9,1.0
63617,495864,12/28/2022,quarta-feira,15:22:00,GO,364.0,149.0,JATAI,Chuva,Saída de leito carroçável,Com Vítimas Fatais,Pleno dia,Decrescente,Chuva,Simples,Não Informado,Não,3,1,0,2,0,0,2,1,-18.165903,-51.420219,SPRF-GO,DEL05-GO,UOP02-DEL05-GO,28/12/2022 15:00:00,0.1,26.0,27.4,69.0,45.0,16.8,1.0
63728,496033,12/29/2022,quinta-feira,14:50:00,RJ,101.0,311.0,SAO GONCALO,Chuva,Colisão traseira,Com Vítimas Feridas,Pleno dia,Decrescente,Chuva,Dupla,Reta,Sim,2,0,1,0,1,0,1,2,-22.80062246,-43.05318779,SPRF-RJ,DEL02-RJ,UOP02-DEL02-RJ,29/12/2022 15:00:00,2.3,25.0,29.4,87.0,100.0,6.6,1.0
63758,496072,12/29/2022,quinta-feira,17:40:00,RJ,40.0,58.0,PETROPOLIS,Chuva,Colisão com objeto,Com Vítimas Feridas,Anoitecer,Crescente,Chuva,Dupla,Curva,Não,3,0,2,0,1,0,2,2,-22.378777,-43.131523,SPRF-RJ,DEL06-RJ,UOP01-DEL06-RJ,29/12/2022 18:00:00,2.3,20.5,23.7,97.0,100.0,4.7,1.0
63838,496171,12/30/2022,sexta-feira,7:20:00,RJ,40.0,75.0,PETROPOLIS,Chuva,Colisão com objeto,Com Vítimas Feridas,Pleno dia,Crescente,Garoa/Chuvisco,Simples,Curva,Não,2,0,1,0,1,0,1,1,-22.46857126,-43.22958698,SPRF-RJ,DEL06-RJ,UOP02-DEL06-RJ,30/12/2022 07:00:00,0.1,19.2,21.5,95.0,74.0,4.8,1.0
63879,496230,12/26/2022,segunda-feira,13:10:00,MG,381.0,907.3,CAMBUI,Chuva,Colisão com objeto,Com Vítimas Feridas,Pleno dia,Decrescente,Chuva,Dupla,Não Informado,Não,3,0,2,0,1,0,2,1,-22.67478208,-46.09726321,SPRF-MG,DEL16-MG,UOP03-DEL16-MG,26/12/2022 13:00:00,0.9,19.3,20.4,97.0,100.0,14.8,1.0
63921,496292,12/30/2022,sexta-feira,15:00:00,MT,70.0,626.4,POCONE,Chuva,Saída de leito carroçável,Com Vítimas Feridas,Pleno dia,Crescente,Chuva,Simples,Desvio Temporário,Não,1,0,1,0,0,0,1,1,-15.93428802,-57.00059121,SPRF-MT,DEL03-MT,UOP02-DEL03-MT,30/12/2022 15:00:00,1.7,25.2,29.8,87.0,53.0,5.7,1.0
63922,496293,12/30/2022,sexta-feira,21:20:00,RJ,493.0,18.0,GUAPIMIRIM,Chuva,Saída de leito carroçável,Sem Vítimas,Plena Noite,Crescente,Chuva,Simples,Reta,Sim,1,0,0,0,1,0,0,1,-22.6687122,-43.01862696,SPRF-RJ,DEL02-RJ,UOP04-DEL02-RJ,30/12/2022 21:00:00,0.9,21.5,24.8,98.0,97.0,9.0,0.0
63995,496394,12/30/2022,sexta-feira,17:40:00,PA,163.0,399.0,ITAITUBA,Chuva,Colisão frontal,Com Vítimas Fatais,Pleno dia,Decrescente,Chuva,Simples,Não Informado,Não,3,1,2,0,0,0,2,2,-6.30590545,-55.59070142,SPRF-PA,DEL05-PA,UOP01-DEL05-PA,30/12/2022 18:00:00,1.8,25.1,30.5,91.0,59.0,3.0,1.0
64012,496416,12/31/2022,sábado,15:10:00,GO,60.0,108.0,GOIANAPOLIS,Chuva,Capotamento,Com Vítimas Feridas,Pleno dia,Crescente,Chuva,Dupla,Reta,Não,3,0,2,0,1,0,2,1,-16.4398,-49.0188,SPRF-GO,DEL02-GO,UOP01-DEL02-GO,31/12/2022 15:00:00,1.9,22.3,25.0,83.0,100.0,5.2,1.0
64121,497172,12/29/2022,quinta-feira,12:00:00,MG,381.0,732.3,CARMO DA CACHOEIRA,Chuva,Capotamento,Com Vítimas Feridas,Pleno dia,Decrescente,Chuva,Dupla,Reta,Não,1,0,1,0,0,0,1,1,-21.55413799,-45.24499427,SPRF-MG,DEL16-MG,UOP02-DEL16-MG,29/12/2022 12:00:00,0.6,21.1,23.3,86.0,100.0,6.8,1.0
64146,497542,12/1/2022,quinta-feira,20:53:00,MG,116.0,703.0,MURIAE,Chuva,Tombamento,Com Vítimas Feridas,Plena Noite,Crescente,Garoa/Chuvisco,Simples,Interseção de vias,Sim,1,0,1,0,0,0,1,1,-21.12682309,-42.3832189,SPRF-MG,DEL07-MG,UOP02-DEL07-MG,01/12/2022 21:00:00,0.0,22.6,25.9,97.0,71.0,11.2,0.0
64170,498162,10/30/2022,domingo,19:20:00,MG,381.0,585.0,CARMOPOLIS DE MINAS,Chuva,Queda de ocupante de veículo,Com Vítimas Fatais,Plena Noite,Crescente,Chuva,Dupla,Reta,Não,5,2,0,0,3,0,0,4,-20.538292,-44.64046,SPRF-MG,DEL04-MG,UOP01-DEL04-MG,30/10/2022 19:00:00,2.1,22.3,25.9,91.0,69.0,3.8,0.0
64225,499612,12/2/2022,sexta-feira,9:30:00,BA,415.0,48.0,ITABUNA,Chuva,Tombamento,Com Vítimas Feridas,Pleno dia,Crescente,Chuva,Simples,Reta,Sim,2,0,0,1,1,0,1,1,-14.8187606,-39.3035485,SPRF-BA,DEL05-BA,UOP01-DEL05-BA,02/12/2022 10:00:00,1.8,23.9,27.8,94.0,100.0,10.1,1.0
64229,499699,12/28/2022,quarta-feira,7:40:00,RS,448.0,15.0,CANOAS,Chuva,Colisão com objeto,Com Vítimas Feridas,Pleno dia,Crescente,Chuva,Múltipla,Curva,Não,3,0,3,0,0,0,3,2,-29.927263,-51.217751,SPRF-RS,DEL01-RS,UOP01-DEL01-RS,28/12/2022 08:00:00,0.0,19.6,20.2,94.0,100.0,17.6,1.0
64258,500117,11/28/2022,segunda-feira,22:40:00,PR,376.0,658.0,TIJUCAS DO SUL,Chuva,Eventos atípicos,Com Vítimas Feridas,Plena Noite,Decrescente,Chuva,Simples,Reta,Não,2,0,1,0,1,0,1,1,-25.85300602,-49.02166198,SPRF-PR,DEL01-PR,UOP04-DEL01-PR,28/11/2022 23:00:00,2.2,16.5,16.5,99.0,100.0,15.0,0.0
64261,500215,12/2/2022,sexta-feira,0:20:00,PA,163.0,514.0,ITAITUBA,Chuva,Saída de leito carroçável,Com Vítimas Feridas,Plena Noite,Decrescente,Chuva,Simples,Curva,Não,1,0,1,0,0,0,1,1,-5.40383926,-55.88351977,SPRF-PA,DEL05-PA,UOP01-DEL05-PA,02/12/2022 00:00:00,0.0,24.3,29.7,97.0,35.0,3.8,0.0
64395,504875,12/18/2022,domingo,17:50:00,PA,316.0,40.0,SANTA IZABEL DO PARA,Chuva,Queda de ocupante de veículo,Com Vítimas Feridas,Anoitecer,Decrescente,Nublado,Dupla,Curva,Não,1,0,1,0,0,0,1,1,-1.278363,-48.112501,SPRF-PA,DEL01-PA,UOP01-DEL01-PA,18/12/2022 18:00:00,0.1,27.9,31.8,72.0,38.0,9.0,1.0
64413,505463,12/17/2022,sábado,16:30:00,ES,101.0,407.9,ITAPEMIRIM,Chuva,Colisão com objeto,Com Vítimas Feridas,Pleno dia,Crescente,Chuva,Simples,Curva,Não,3,0,2,0,1,0,2,1,-20.89011816,-41.0380264,SPRF-ES,DEL03-ES,UOP02-DEL03-ES,17/12/2022 17:00:00,0.2,24.6,27.4,86.0,83.0,14.7,1.0
64487,510678,12/17/2022,sábado,10:55:00,GO,40.0,18.8,LUZIANIA,Chuva,Colisão lateral mesmo sentido,Com Vítimas Feridas,Pleno dia,Crescente,Chuva,Dupla,Reta,Sim,3,0,1,0,2,0,1,2,-16.19349,-47.925575,SPRF-DF,DEL01-DF,UOP01-DEL01-DF,17/12/2022 11:00:00,3.1,20.2,21.4,92.0,100.0,14.7,1.0